Date,Start (ET),Visitor/Neutral,PTS,Home/Neutral,PTS,,,Attend.,LOG,Arena,Notes
Wed Jan 1 2025,7:00p,Orlando Magic,96,Detroit Pistons,105,Box Score,,19399,2:17,Little Caesars Arena,
Wed Jan 1 2025,7:00p,Chicago Bulls,107,Washington Wizards,125,Box Score,,16298,2:12,Capital One Arena,
Wed Jan 1 2025,7:30p,New Orleans Pelicans,108,Miami Heat,119,Box Score,,20013,2:10,Kaseya Center,
Wed Jan 1 2025,7:30p,Utah Jazz,103,New York Knicks,119,Box Score,,19812,2:06,Madison Square Garden (IV),
Wed Jan 1 2025,7:30p,Brooklyn Nets,113,Toronto Raptors,130,Box Score,,19104,2:10,Scotiabank Arena,
Wed Jan 1 2025,8:00p,Dallas Mavericks,99,Houston Rockets,110,Box Score,,18055,2:17,Toyota Center,
Wed Jan 1 2025,9:00p,Atlanta Hawks,120,Denver Nuggets,139,Box Score,,19902,2:08,Ball Arena,
Wed Jan 1 2025,10:00p,Philadelphia 76ers,107,Sacramento Kings,113,Box Score,,16024,2:18,Golden 1 Center,
Thu Jan 2 2025,7:30p,Indiana Pacers,128,Miami Heat,115,Box Score,,19959,2:05,Kaseya Center,
Thu Jan 2 2025,7:30p,Boston Celtics,118,Minnesota Timberwolves,115,Box Score,,18978,2:11,Target Center,
Thu Jan 2 2025,8:00p,Brooklyn Nets,113,Milwaukee Bucks,110,Box Score,,17341,2:27,Fiserv Forum,
Thu Jan 2 2025,8:00p,Los Angeles Clippers,98,Oklahoma City Thunder,116,Box Score,,18203,2:04,Paycom Center,
Thu Jan 2 2025,10:00p,Philadelphia 76ers,105,Golden State Warriors,139,Box Score,,18064,2:16,Chase Center,
Thu Jan 2 2025,10:30p,Portland Trail Blazers,106,Los Angeles Lakers,114,Box Score,,17812,2:09,Crypto.com Arena,
Fri Jan 3 2025,7:00p,Charlotte Hornets,94,Detroit Pistons,98,Box Score,,18866,2:22,Little Caesars Arena,
Fri Jan 3 2025,7:30p,Orlando Magic,106,Toronto Raptors,97,Box Score,,19278,2:07,Scotiabank Arena,
Fri Jan 3 2025,8:00p,Boston Celtics,109,Houston Rockets,86,Box Score,,18055,2:01,Toyota Center,
Fri Jan 3 2025,8:00p,Washington Wizards,120,New Orleans Pelicans,132,Box Score,,17307,2:17,Smoothie King Center,
Fri Jan 3 2025,8:00p,New York Knicks,107,Oklahoma City Thunder,117,Box Score,,,2:13,Paycom Center,
Fri Jan 3 2025,8:30p,Cleveland Cavaliers,134,Dallas Mavericks,122,Box Score,,20231,2:10,American Airlines Center,
Fri Jan 3 2025,9:00p,San Antonio Spurs,113,Denver Nuggets,110,Box Score,,19922,2:02,Ball Arena,
Fri Jan 3 2025,10:00p,Memphis Grizzlies,133,Sacramento Kings,138,Box Score,,16601,2:25,Golden 1 Center,
Fri Jan 3 2025,10:30p,Atlanta Hawks,102,Los Angeles Lakers,119,Box Score,,18997,2:10,Crypto.com Arena,
Sat Jan 4 2025,6:00p,Philadelphia 76ers,123,Brooklyn Nets,94,Box Score,,17926,2:16,Barclays Center,
Sat Jan 4 2025,7:00p,Minnesota Timberwolves,105,Detroit Pistons,119,Box Score,,20062,2:14,Little Caesars Arena,
Sat Jan 4 2025,7:00p,Phoenix Suns,108,Indiana Pacers,126,Box Score,,17274,2:07,Gainbridge Fieldhouse,
Sat Jan 4 2025,8:00p,New York Knicks,126,Chicago Bulls,139,Box Score,,22491,2:23,United Center,
Sat Jan 4 2025,8:00p,Utah Jazz,136,Miami Heat,100,Box Score,,19934,2:07,Kaseya Center,
Sat Jan 4 2025,8:00p,Portland Trail Blazers,105,Milwaukee Bucks,102,Box Score,,17595,2:01,Fiserv Forum,
Sat Jan 4 2025,8:00p,Denver Nuggets,122,San Antonio Spurs,111,Box Score,OT,19038,2:31,Frost Bank Center,
Sat Jan 4 2025,8:30p,Memphis Grizzlies,113,Golden State Warriors,121,Box Score,,18064,2:18,Chase Center,
Sat Jan 4 2025,10:30p,Atlanta Hawks,105,Los Angeles Clippers,131,Box Score,,17927,2:02,Intuit Dome,
Sun Jan 5 2025,3:30p,Boston Celtics,92,Oklahoma City Thunder,105,Box Score,,18203,2:08,Paycom Center,
Sun Jan 5 2025,6:00p,Charlotte Hornets,105,Cleveland Cavaliers,115,Box Score,,19432,2:06,Rocket Mortgage Fieldhouse,
Sun Jan 5 2025,6:00p,New Orleans Pelicans,110,Washington Wizards,98,Box Score,,15451,2:08,Capital One Arena,
Sun Jan 5 2025,6:30p,Utah Jazz,105,Orlando Magic,92,Box Score,,19198,2:03,Kia Center,
Sun Jan 5 2025,7:00p,Los Angeles Lakers,115,Houston Rockets,119,Box Score,,18055,2:16,Toyota Center,
Sun Jan 5 2025,8:30p,Sacramento Kings,129,Golden State Warriors,99,Box Score,,18064,2:08,Chase Center,
Mon Jan 6 2025,7:00p,Portland Trail Blazers,115,Detroit Pistons,118,Box Score,,16002,2:09,Little Caesars Arena,
Mon Jan 6 2025,7:00p,Phoenix Suns,109,Philadelphia 76ers,99,Box Score,,19791,2:16,Wells Fargo Center,
Mon Jan 6 2025,7:30p,Indiana Pacers,113,Brooklyn Nets,99,Box Score,,16088,2:12,Barclays Center,
Mon Jan 6 2025,7:30p,Orlando Magic,103,New York Knicks,94,Box Score,,19812,2:16,Madison Square Garden (IV),
Mon Jan 6 2025,7:30p,Milwaukee Bucks,128,Toronto Raptors,104,Box Score,,17829,2:05,Scotiabank Arena,
Mon Jan 6 2025,8:00p,San Antonio Spurs,110,Chicago Bulls,114,Box Score,,18886,2:13,United Center,
Mon Jan 6 2025,8:00p,Dallas Mavericks,104,Memphis Grizzlies,119,Box Score,,16412,2:12,FedEx Forum,
Mon Jan 6 2025,8:00p,Los Angeles Clippers,106,Minnesota Timberwolves,108,Box Score,,18978,2:17,Target Center,
Mon Jan 6 2025,10:00p,Miami Heat,118,Sacramento Kings,123,Box Score,2OT,17832,2:43,Golden 1 Center,
Tue Jan 7 2025,7:00p,Phoenix Suns,104,Charlotte Hornets,115,Box Score,,16647,2:16,Spectrum Center,
Tue Jan 7 2025,7:00p,Houston Rockets,135,Washington Wizards,112,Box Score,,12930,2:05,Capital One Arena,
Tue Jan 7 2025,7:30p,Los Angeles Lakers,97,Dallas Mavericks,118,Box Score,,20126,2:09,American Airlines Center,
Tue Jan 7 2025,8:00p,Minnesota Timberwolves,104,New Orleans Pelicans,97,Box Score,,16282,2:18,Smoothie King Center,
Tue Jan 7 2025,9:00p,Atlanta Hawks,124,Utah Jazz,121,Box Score,,18175,2:18,Delta Center,
Tue Jan 7 2025,10:00p,Boston Celtics,118,Denver Nuggets,106,Box Score,,19904,2:16,Ball Arena,
Tue Jan 7 2025,10:00p,Miami Heat,114,Golden State Warriors,98,Box Score,,18064,2:01,Chase Center,
Wed Jan 8 2025,7:00p,Oklahoma City Thunder,122,Cleveland Cavaliers,129,Box Score,,19432,2:19,Rocket Mortgage Fieldhouse,
Wed Jan 8 2025,7:00p,Chicago Bulls,113,Indiana Pacers,129,Box Score,,16758,2:15,Gainbridge Fieldhouse,
Wed Jan 8 2025,7:00p,Washington Wizards,103,Philadelphia 76ers,109,Box Score,,19762,2:18,Wells Fargo Center,
Wed Jan 8 2025,7:30p,Detroit Pistons,113,Brooklyn Nets,98,Box Score,,16098,2:07,Barclays Center,
Wed Jan 8 2025,7:30p,Toronto Raptors,98,New York Knicks,112,Box Score,,19812,2:11,Madison Square Garden (IV),
Wed Jan 8 2025,8:00p,Portland Trail Blazers,119,New Orleans Pelicans,100,Box Score,,16425,1:58,Smoothie King Center,
Wed Jan 8 2025,9:00p,Los Angeles Clippers,103,Denver Nuggets,126,Box Score,,19711,2:11,Ball Arena,
Wed Jan 8 2025,9:30p,San Antonio Spurs,105,Milwaukee Bucks,121,Box Score,,17341,2:10,Fiserv Forum,
Thu Jan 9 2025,7:00p,Toronto Raptors,126,Cleveland Cavaliers,132,Box Score,,19432,2:08,Rocket Mortgage Fieldhouse,
Thu Jan 9 2025,7:00p,Golden State Warriors,107,Detroit Pistons,104,Box Score,,20062,2:25,Little Caesars Arena,
Thu Jan 9 2025,7:00p,Minnesota Timberwolves,104,Orlando Magic,89,Box Score,,18846,2:16,Kia Center,
Thu Jan 9 2025,7:30p,Portland Trail Blazers,111,Dallas Mavericks,117,Box Score,,19241,2:15,American Airlines Center,
Thu Jan 9 2025,8:00p,Houston Rockets,119,Memphis Grizzlies,115,Box Score,,16298,2:33,FedEx Forum,
Thu Jan 9 2025,9:00p,Atlanta Hawks,115,Phoenix Suns,123,Box Score,,17071,2:12,Footprint Center,
Thu Jan 9 2025,9:00p,Miami Heat,97,Utah Jazz,92,Box Score,,18175,2:11,Delta Center,
Fri Jan 10 2025,7:00p,Golden State Warriors,96,Indiana Pacers,108,Box Score,,17274,2:03,Gainbridge Fieldhouse,
Fri Jan 10 2025,7:00p,Milwaukee Bucks,109,Orlando Magic,106,Box Score,,18846,2:24,Kia Center,
Fri Jan 10 2025,7:00p,New Orleans Pelicans,123,Philadelphia 76ers,115,Box Score,,19779,2:12,Wells Fargo Center,
Fri Jan 10 2025,7:30p,Sacramento Kings,114,Boston Celtics,97,Box Score,,19156,2:00,TD Garden,
Fri Jan 10 2025,7:30p,Oklahoma City Thunder,126,New York Knicks,101,Box Score,,19812,2:06,Madison Square Garden (IV),
Fri Jan 10 2025,8:00p,Washington Wizards,105,Chicago Bulls,138,Box Score,,21391,2:03,United Center,
Fri Jan 10 2025,9:00p,Brooklyn Nets,105,Denver Nuggets,124,Box Score,,19959,2:20,Ball Arena,
Sat Jan 11 2025,5:00p,Utah Jazz,106,Phoenix Suns,114,Box Score,,17071,2:10,Footprint Center,
Sat Jan 11 2025,7:00p,Toronto Raptors,114,Detroit Pistons,123,Box Score,,19011,2:15,Little Caesars Arena,
Sat Jan 11 2025,8:00p,Memphis Grizzlies,127,Minnesota Timberwolves,125,Box Score,,18978,2:17,Target Center,
Sat Jan 11 2025,10:00p,Miami Heat,119,Portland Trail Blazers,98,Box Score,,17505,2:08,Moda Center,
Sun Jan 12 2025,3:00p,Denver Nuggets,112,Dallas Mavericks,101,Box Score,,20031,2:12,American Airlines Center,
Sun Jan 12 2025,3:00p,Milwaukee Bucks,106,New York Knicks,140,Box Score,,19812,2:14,Madison Square Garden (IV),
Sun Jan 12 2025,3:30p,Sacramento Kings,124,Chicago Bulls,119,Box Score,,18233,2:06,United Center,
Sun Jan 12 2025,6:00p,New Orleans Pelicans,119,Boston Celtics,120,Box Score,,19156,2:15,TD Garden,
Sun Jan 12 2025,6:00p,Indiana Pacers,108,Cleveland Cavaliers,93,Box Score,,19432,2:08,Rocket Mortgage Fieldhouse,
Sun Jan 12 2025,6:00p,Philadelphia 76ers,99,Orlando Magic,104,Box Score,,17723,2:35,Kia Center,
Sun Jan 12 2025,6:00p,Oklahoma City Thunder,136,Washington Wizards,95,Box Score,,15711,2:18,Capital One Arena,
Sun Jan 12 2025,8:00p,Brooklyn Nets,111,Utah Jazz,112,Box Score,OT,18175,2:44,Delta Center,
Sun Jan 12 2025,9:00p,Charlotte Hornets,113,Phoenix Suns,120,Box Score,,17071,2:16,Footprint Center,
Mon Jan 13 2025,7:00p,Minnesota Timberwolves,120,Washington Wizards,106,Box Score,,14386,2:12,Capital One Arena,
Mon Jan 13 2025,7:30p,Detroit Pistons,124,New York Knicks,119,Box Score,,19812,2:17,Madison Square Garden (IV),
Mon Jan 13 2025,7:30p,Golden State Warriors,101,Toronto Raptors,104,Box Score,,19165,2:12,Scotiabank Arena,
Mon Jan 13 2025,8:00p,Memphis Grizzlies,118,Houston Rockets,120,Box Score,,18055,2:20,Toyota Center,
Mon Jan 13 2025,10:30p,Miami Heat,98,Los Angeles Clippers,109,Box Score,,13119,2:02,Intuit Dome,
Mon Jan 13 2025,10:30p,San Antonio Spurs,126,Los Angeles Lakers,102,Box Score,,18737,2:14,Crypto.com Arena,
Tue Jan 14 2025,7:00p,Cleveland Cavaliers,127,Indiana Pacers,117,Box Score,,16035,2:26,Gainbridge Fieldhouse,
Tue Jan 14 2025,7:00p,Oklahoma City Thunder,118,Philadelphia 76ers,102,Box Score,,19771,2:05,Wells Fargo Center,
Tue Jan 14 2025,7:30p,Phoenix Suns,117,Atlanta Hawks,122,Box Score,,16221,2:11,State Farm Arena,
Tue Jan 14 2025,8:00p,New Orleans Pelicans,119,Chicago Bulls,113,Box Score,,17210,2:11,United Center,
Tue Jan 14 2025,8:00p,Sacramento Kings,115,Milwaukee Bucks,130,Box Score,,17341,2:08,Fiserv Forum,
Tue Jan 14 2025,9:30p,Denver Nuggets,118,Dallas Mavericks,99,Box Score,,19798,2:17,American Airlines Center,
Tue Jan 14 2025,10:00p,Brooklyn Nets,132,Portland Trail Blazers,114,Box Score,,16127,2:13,Moda Center,
Wed Jan 15 2025,7:00p,New York Knicks,125,Philadelphia 76ers,119,Box Score,OT,20088,2:34,Wells Fargo Center,
Wed Jan 15 2025,7:30p,Boston Celtics,97,Toronto Raptors,110,Box Score,,18566,2:09,Scotiabank Arena,
Wed Jan 15 2025,8:00p,Atlanta Hawks,110,Chicago Bulls,94,Box Score,,17692,2:06,United Center,
Wed Jan 15 2025,8:00p,Orlando Magic,93,Milwaukee Bucks,122,Box Score,,17341,2:13,Fiserv Forum,
Wed Jan 15 2025,8:00p,Dallas Mavericks,116,New Orleans Pelicans,119,Box Score,,16488,2:13,Smoothie King Center,
Wed Jan 15 2025,8:00p,Memphis Grizzlies,129,San Antonio Spurs,115,Box Score,,18354,2:08,Frost Bank Center,
Wed Jan 15 2025,9:00p,Houston Rockets,128,Denver Nuggets,108,Box Score,,19837,2:07,Ball Arena,
Wed Jan 15 2025,9:00p,Charlotte Hornets,117,Utah Jazz,112,Box Score,,18175,2:09,Delta Center,
Wed Jan 15 2025,9:30p,Golden State Warriors,116,Minnesota Timberwolves,115,Box Score,,18978,2:34,Target Center,
Wed Jan 15 2025,10:00p,Miami Heat,108,Los Angeles Lakers,117,Box Score,,17005,2:03,Crypto.com Arena,
Wed Jan 15 2025,10:30p,Brooklyn Nets,67,Los Angeles Clippers,126,Box Score,,13091,2:17,Intuit Dome,
Thu Jan 16 2025,7:00p,Indiana Pacers,111,Detroit Pistons,100,Box Score,,16366,2:16,Little Caesars Arena,
Thu Jan 16 2025,7:00p,Phoenix Suns,130,Washington Wizards,123,Box Score,,15792,2:19,Capital One Arena,
Thu Jan 16 2025,7:30p,Cleveland Cavaliers,114,Oklahoma City Thunder,134,Box Score,,18203,2:12,Paycom Center,
Thu Jan 16 2025,10:00p,Los Angeles Clippers,118,Portland Trail Blazers,89,Box Score,,16374,2:09,Moda Center,
Thu Jan 16 2025,10:00p,Houston Rockets,127,Sacramento Kings,132,Box Score,,18227,2:21,Golden 1 Center,
Fri Jan 17 2025,7:00p,Orlando Magic,94,Boston Celtics,121,Box Score,,19156,2:23,TD Garden,
Fri Jan 17 2025,7:30p,Minnesota Timberwolves,116,New York Knicks,99,Box Score,,19812,2:07,Madison Square Garden (IV),
Fri Jan 17 2025,8:00p,Charlotte Hornets,125,Chicago Bulls,123,Box Score,,20598,2:11,United Center,
Fri Jan 17 2025,8:00p,Denver Nuggets,133,Miami Heat,113,Box Score,,19828,2:01,Kaseya Center,
Fri Jan 17 2025,8:00p,Toronto Raptors,112,Milwaukee Bucks,130,Box Score,,17341,2:17,Fiserv Forum,
Fri Jan 17 2025,8:00p,Utah Jazz,123,New Orleans Pelicans,136,Box Score,,18321,2:23,Smoothie King Center,
Fri Jan 17 2025,8:30p,Oklahoma City Thunder,98,Dallas Mavericks,106,Box Score,,20311,2:31,American Airlines Center,
Fri Jan 17 2025,9:30p,Memphis Grizzlies,140,San Antonio Spurs,112,Box Score,,18354,2:19,Frost Bank Center,
Fri Jan 17 2025,10:30p,Brooklyn Nets,101,Los Angeles Lakers,102,Box Score,,18473,2:03,Crypto.com Arena,
Sat Jan 18 2025,4:00p,Phoenix Suns,125,Detroit Pistons,121,Box Score,,20062,2:27,Little Caesars Arena,
Sat Jan 18 2025,7:00p,Atlanta Hawks,119,Boston Celtics,115,Box Score,OT,19156,2:40,TD Garden,
Sat Jan 18 2025,7:00p,Philadelphia 76ers,102,Indiana Pacers,115,Box Score,,17274,2:20,Gainbridge Fieldhouse,
Sat Jan 18 2025,8:30p,Washington Wizards,114,Golden State Warriors,122,Box Score,,18064,2:21,Chase Center,
Sat Jan 18 2025,9:00p,Cleveland Cavaliers,124,Minnesota Timberwolves,117,Box Score,,18978,2:16,Target Center,
Sat Jan 18 2025,10:00p,Houston Rockets,125,Portland Trail Blazers,103,Box Score,,17077,2:05,Moda Center,
Sun Jan 19 2025,3:00p,San Antonio Spurs,,Miami Heat,,,,,,Kaseya Center,
Sun Jan 19 2025,6:00p,Denver Nuggets,,Orlando Magic,,,,,,Kia Center,
Sun Jan 19 2025,7:00p,Philadelphia 76ers,,Milwaukee Bucks,,,,,,Fiserv Forum,
Sun Jan 19 2025,7:00p,Brooklyn Nets,,Oklahoma City Thunder,,,,,,Paycom Center,
Sun Jan 19 2025,9:00p,Los Angeles Lakers,,Los Angeles Clippers,,,,,,Intuit Dome,
Sun Jan 19 2025,9:00p,Chicago Bulls,,Portland Trail Blazers,,,,,,Moda Center,
Sun Jan 19 2025,9:00p,Washington Wizards,,Sacramento Kings,,,,,,Golden 1 Center,
Mon Jan 20 2025,12:00p,Dallas Mavericks,,Charlotte Hornets,,,,,,Spectrum Center,
Mon Jan 20 2025,2:00p,Detroit Pistons,,Houston Rockets,,,,,,Toyota Center,
Mon Jan 20 2025,2:30p,Minnesota Timberwolves,,Memphis Grizzlies,,,,,,FedEx Forum,
Mon Jan 20 2025,3:00p,Atlanta Hawks,,New York Knicks,,,,,,Madison Square Garden (IV),
Mon Jan 20 2025,3:30p,Phoenix Suns,,Cleveland Cavaliers,,,,,,Rocket Mortgage Fieldhouse,
Mon Jan 20 2025,5:00p,Boston Celtics,,Golden State Warriors,,,,,,Chase Center,
Mon Jan 20 2025,8:00p,Utah Jazz,,New Orleans Pelicans,,,,,,Smoothie King Center,
Mon Jan 20 2025,10:30p,Chicago Bulls,,Los Angeles Clippers,,,,,,Intuit Dome,
Tue Jan 21 2025,7:30p,New York Knicks,,Brooklyn Nets,,,,,,Barclays Center,
Tue Jan 21 2025,7:30p,Portland Trail Blazers,,Miami Heat,,,,,,Kaseya Center,
Tue Jan 21 2025,7:30p,Orlando Magic,,Toronto Raptors,,,,,,Scotiabank Arena,
Tue Jan 21 2025,10:00p,Philadelphia 76ers,,Denver Nuggets,,,,,,Ball Arena,
Tue Jan 21 2025,10:30p,Washington Wizards,,Los Angeles Lakers,,,,,,Crypto.com Arena,
Wed Jan 22 2025,7:30p,Detroit Pistons,,Atlanta Hawks,,,,,,State Farm Arena,
Wed Jan 22 2025,7:30p,Phoenix Suns,,Brooklyn Nets,,,,,,Barclays Center,
Wed Jan 22 2025,7:30p,Minnesota Timberwolves,,Dallas Mavericks,,,,,,American Airlines Center,
Wed Jan 22 2025,8:00p,Cleveland Cavaliers,,Houston Rockets,,,,,,Toyota Center,
Wed Jan 22 2025,8:00p,Charlotte Hornets,,Memphis Grizzlies,,,,,,FedEx Forum,
Wed Jan 22 2025,8:00p,Milwaukee Bucks,,New Orleans Pelicans,,,,,,Smoothie King Center,
Wed Jan 22 2025,8:00p,Utah Jazz,,Oklahoma City Thunder,,,,,,Paycom Center,
Wed Jan 22 2025,10:00p,Golden State Warriors,,Sacramento Kings,,,,,,Golden 1 Center,
Wed Jan 22 2025,10:30p,Boston Celtics,,Los Angeles Clippers,,,,,,Intuit Dome,
Thu Jan 23 2025,2:00p,San Antonio Spurs,,Indiana Pacers,,,,,,AccorHotels Arena,
Thu Jan 23 2025,7:00p,Portland Trail Blazers,,Orlando Magic,,,,,,Kia Center,
Thu Jan 23 2025,7:30p,Toronto Raptors,,Atlanta Hawks,,,,,,State Farm Arena,
Thu Jan 23 2025,7:30p,Miami Heat,,Milwaukee Bucks,,,,,,Fiserv Forum,
Thu Jan 23 2025,8:00p,Dallas Mavericks,,Oklahoma City Thunder,,,,,,Paycom Center,
Thu Jan 23 2025,9:00p,Sacramento Kings,,Denver Nuggets,,,,,,Ball Arena,
Thu Jan 23 2025,10:00p,Chicago Bulls,,Golden State Warriors,,,,,,Chase Center,
Thu Jan 23 2025,10:00p,Boston Celtics,,Los Angeles Lakers,,,,,,Crypto.com Arena,
Thu Jan 23 2025,10:30p,Washington Wizards,,Los Angeles Clippers,,,,,,Intuit Dome,
Fri Jan 24 2025,7:00p,Portland Trail Blazers,,Charlotte Hornets,,,,,,Spectrum Center,
Fri Jan 24 2025,7:00p,Cleveland Cavaliers,,Philadelphia 76ers,,,,,,Wells Fargo Center,
Fri Jan 24 2025,8:00p,New Orleans Pelicans,,Memphis Grizzlies,,,,,,FedEx Forum,
Sat Jan 25 2025,12:00p,Indiana Pacers,,San Antonio Spurs,,,,,,AccorHotels Arena,
Sat Jan 25 2025,3:00p,Denver Nuggets,,Minnesota Timberwolves,,,,,,Target Center,
Sat Jan 25 2025,5:30p,Boston Celtics,,Dallas Mavericks,,,,,,American Airlines Center,
Sat Jan 25 2025,6:00p,Miami Heat,,Brooklyn Nets,,,,,,Barclays Center,
Sat Jan 25 2025,7:00p,New Orleans Pelicans,,Charlotte Hornets,,,,,,Spectrum Center,
Sat Jan 25 2025,7:00p,Detroit Pistons,,Orlando Magic,,,,,,Kia Center,
Sat Jan 25 2025,7:30p,Toronto Raptors,,Atlanta Hawks,,,,,,State Farm Arena,
Sat Jan 25 2025,7:30p,Houston Rockets,,Cleveland Cavaliers,,,,,,Rocket Mortgage Fieldhouse,
Sat Jan 25 2025,7:30p,Sacramento Kings,,New York Knicks,,,,,,Madison Square Garden (IV),
Sat Jan 25 2025,8:00p,Philadelphia 76ers,,Chicago Bulls,,,,,,United Center,
Sat Jan 25 2025,8:00p,Utah Jazz,,Memphis Grizzlies,,,,,,FedEx Forum,
Sat Jan 25 2025,8:30p,Los Angeles Lakers,,Golden State Warriors,,,,,,Chase Center,
Sat Jan 25 2025,9:00p,Washington Wizards,,Phoenix Suns,,,,,,Footprint Center,
Sat Jan 25 2025,10:30p,Milwaukee Bucks,,Los Angeles Clippers,,,,,,Intuit Dome,
Sun Jan 26 2025,6:00p,Oklahoma City Thunder,,Portland Trail Blazers,,,,,,Moda Center,
Mon Jan 27 2025,7:00p,Los Angeles Lakers,,Charlotte Hornets,,,,,,Spectrum Center,
Mon Jan 27 2025,7:00p,Detroit Pistons,,Cleveland Cavaliers,,,,,,Rocket Mortgage Fieldhouse,
Mon Jan 27 2025,7:30p,Houston Rockets,,Boston Celtics,,,,,,TD Garden,
Mon Jan 27 2025,7:30p,Sacramento Kings,,Brooklyn Nets,,,,,,Barclays Center,
Mon Jan 27 2025,7:30p,Orlando Magic,,Miami Heat,,,,,,Kaseya Center,
Mon Jan 27 2025,7:30p,Memphis Grizzlies,,New York Knicks,,,,,,Madison Square Garden (IV),
Mon Jan 27 2025,7:30p,New Orleans Pelicans,,Toronto Raptors,,,,,,Scotiabank Arena,
Mon Jan 27 2025,8:00p,Denver Nuggets,,Chicago Bulls,,,,,,United Center,
Mon Jan 27 2025,8:00p,Atlanta Hawks,,Minnesota Timberwolves,,,,,,Target Center,
Mon Jan 27 2025,8:30p,Washington Wizards,,Dallas Mavericks,,,,,,American Airlines Center,
Mon Jan 27 2025,9:00p,Milwaukee Bucks,,Utah Jazz,,,,,,Delta Center,
Mon Jan 27 2025,9:30p,Los Angeles Clippers,,Phoenix Suns,,,,,,Footprint Center,
Tue Jan 28 2025,7:30p,Houston Rockets,,Atlanta Hawks,,,,,,State Farm Arena,
Tue Jan 28 2025,7:30p,Los Angeles Lakers,,Philadelphia 76ers,,,,,,Wells Fargo Center,
Tue Jan 28 2025,10:00p,Utah Jazz,,Golden State Warriors,,,,,,Chase Center,
Tue Jan 28 2025,10:00p,Milwaukee Bucks,,Portland Trail Blazers,,,,,,Moda Center,
Wed Jan 29 2025,7:00p,Brooklyn Nets,,Charlotte Hornets,,,,,,Spectrum Center,
Wed Jan 29 2025,7:00p,Detroit Pistons,,Indiana Pacers,,,,,,Gainbridge Fieldhouse,
Wed Jan 29 2025,7:00p,Toronto Raptors,,Washington Wizards,,,,,,Capital One Arena,
Wed Jan 29 2025,7:30p,Chicago Bulls,,Boston Celtics,,,,,,TD Garden,
Wed Jan 29 2025,7:30p,Cleveland Cavaliers,,Miami Heat,,,,,,Kaseya Center,
Wed Jan 29 2025,7:30p,Denver Nuggets,,New York Knicks,,,,,,Madison Square Garden (IV),
Wed Jan 29 2025,7:30p,Sacramento Kings,,Philadelphia 76ers,,,,,,Wells Fargo Center,
Wed Jan 29 2025,8:00p,Dallas Mavericks,,New Orleans Pelicans,,,,,,Smoothie King Center,
Wed Jan 29 2025,8:00p,Los Angeles Clippers,,San Antonio Spurs,,,,,,Frost Bank Center,
Wed Jan 29 2025,9:00p,Minnesota Timberwolves,,Phoenix Suns,,,,,,Footprint Center,
Wed Jan 29 2025,10:00p,Oklahoma City Thunder,,Golden State Warriors,,,,,,Chase Center,
Thu Jan 30 2025,7:00p,Atlanta Hawks,,Cleveland Cavaliers,,,,,,Rocket Mortgage Fieldhouse,
Thu Jan 30 2025,7:00p,Los Angeles Lakers,,Washington Wizards,,,,,,Capital One Arena,
Thu Jan 30 2025,9:00p,Minnesota Timberwolves,,Utah Jazz,,,,,,Delta Center,
Thu Jan 30 2025,9:30p,Houston Rockets,,Memphis Grizzlies,,,,,,FedEx Forum,
Thu Jan 30 2025,10:00p,Orlando Magic,,Portland Trail Blazers,,,,,,Moda Center,
Fri Jan 31 2025,7:00p,Los Angeles Clippers,,Charlotte Hornets,,,,,,Spectrum Center,
Fri Jan 31 2025,7:00p,Dallas Mavericks,,Detroit Pistons,,,,,,Little Caesars Arena,
Fri Jan 31 2025,7:30p,Denver Nuggets,,Philadelphia 76ers,,,,,,Wells Fargo Center,
Fri Jan 31 2025,7:30p,Chicago Bulls,,Toronto Raptors,,,,,,Scotiabank Arena,
Fri Jan 31 2025,8:00p,Boston Celtics,,New Orleans Pelicans,,,,,,Smoothie King Center,
Fri Jan 31 2025,8:00p,Milwaukee Bucks,,San Antonio Spurs,,,,,,Frost Bank Center,
Fri Jan 31 2025,10:00p,Phoenix Suns,,Golden State Warriors,,,,,,Chase Center,
Sat Feb 1 2025,5:00p,Atlanta Hawks,,Indiana Pacers,,,,,,Gainbridge Fieldhouse,
Sat Feb 1 2025,5:00p,Orlando Magic,,Utah Jazz,,,,,,Delta Center,
Sat Feb 1 2025,7:00p,Denver Nuggets,,Charlotte Hornets,,,,,,Spectrum Center,
Sat Feb 1 2025,8:00p,Brooklyn Nets,,Houston Rockets,,,,,,Toyota Center,
Sat Feb 1 2025,8:00p,Washington Wizards,,Minnesota Timberwolves,,,,,,Target Center,
Sat Feb 1 2025,8:00p,Sacramento Kings,,Oklahoma City Thunder,,,,,,Paycom Center,
Sat Feb 1 2025,8:30p,Los Angeles Lakers,,New York Knicks,,,,,,Madison Square Garden (IV),
Sat Feb 1 2025,8:30p,Miami Heat,,San Antonio Spurs,,,,,,Frost Bank Center,
Sat Feb 1 2025,10:00p,Phoenix Suns,,Portland Trail Blazers,,,,,,Moda Center,
Sun Feb 2 2025,3:00p,Chicago Bulls,,Detroit Pistons,,,,,,Little Caesars Arena,
Sun Feb 2 2025,3:30p,Dallas Mavericks,,Cleveland Cavaliers,,,,,,Rocket Mortgage Fieldhouse,
Sun Feb 2 2025,3:30p,Los Angeles Clippers,,Toronto Raptors,,,,,,Scotiabank Arena,
Sun Feb 2 2025,6:00p,Boston Celtics,,Philadelphia 76ers,,,,,,Wells Fargo Center,
Sun Feb 2 2025,8:30p,Memphis Grizzlies,,Milwaukee Bucks,,,,,,Fiserv Forum,
Mon Feb 3 2025,7:00p,Washington Wizards,,Charlotte Hornets,,,,,,Spectrum Center,
Mon Feb 3 2025,7:00p,Atlanta Hawks,,Detroit Pistons,,,,,,Little Caesars Arena,
Mon Feb 3 2025,7:30p,Houston Rockets,,New York Knicks,,,,,,Madison Square Garden (IV),
Mon Feb 3 2025,8:00p,San Antonio Spurs,,Memphis Grizzlies,,,,,,FedEx Forum,
Mon Feb 3 2025,8:00p,Sacramento Kings,,Minnesota Timberwolves,,,,,,Target Center,
Mon Feb 3 2025,8:00p,Milwaukee Bucks,,Oklahoma City Thunder,,,,,,Paycom Center,
Mon Feb 3 2025,9:00p,New Orleans Pelicans,,Denver Nuggets,,,,,,Ball Arena,
Mon Feb 3 2025,9:00p,Indiana Pacers,,Utah Jazz,,,,,,Delta Center,
Mon Feb 3 2025,10:00p,Orlando Magic,,Golden State Warriors,,,,,,Chase Center,
Mon Feb 3 2025,10:00p,Phoenix Suns,,Portland Trail Blazers,,,,,,Moda Center,
Tue Feb 4 2025,7:00p,Dallas Mavericks,,Philadelphia 76ers,,,,,,Wells Fargo Center,
Tue Feb 4 2025,7:30p,Houston Rockets,,Brooklyn Nets,,,,,,Barclays Center,
Tue Feb 4 2025,7:30p,Boston Celtics,,Cleveland Cavaliers,,,,,,Rocket Mortgage Fieldhouse,
Tue Feb 4 2025,7:30p,New York Knicks,,Toronto Raptors,,,,,,Scotiabank Arena,
Tue Feb 4 2025,8:00p,Miami Heat,,Chicago Bulls,,,,,,United Center,
Tue Feb 4 2025,10:00p,Los Angeles Lakers,,Los Angeles Clippers,,,,,,Intuit Dome,
Tue Feb 4 2025,10:00p,Indiana Pacers,,Portland Trail Blazers,,,,,,Moda Center,
Wed Feb 5 2025,7:00p,San Antonio Spurs,,Atlanta Hawks,,,,,,State Farm Arena,
Wed Feb 5 2025,7:00p,Milwaukee Bucks,,Charlotte Hornets,,,,,,Spectrum Center,
Wed Feb 5 2025,7:00p,Cleveland Cavaliers,,Detroit Pistons,,,,,,Little Caesars Arena,
Wed Feb 5 2025,7:30p,Washington Wizards,,Brooklyn Nets,,,,,,Barclays Center,
Wed Feb 5 2025,7:30p,Miami Heat,,Philadelphia 76ers,,,,,,Wells Fargo Center,
Wed Feb 5 2025,7:30p,Memphis Grizzlies,,Toronto Raptors,,,,,,Scotiabank Arena,
Wed Feb 5 2025,8:00p,Chicago Bulls,,Minnesota Timberwolves,,,,,,Target Center,
Wed Feb 5 2025,9:00p,New Orleans Pelicans,,Denver Nuggets,,,,,,Ball Arena,
Wed Feb 5 2025,9:00p,Golden State Warriors,,Utah Jazz,,,,,,Delta Center,
Wed Feb 5 2025,9:30p,Phoenix Suns,,Oklahoma City Thunder,,,,,,Paycom Center,
Wed Feb 5 2025,10:00p,Orlando Magic,,Sacramento Kings,,,,,,Golden 1 Center,
Thu Feb 6 2025,7:30p,Dallas Mavericks,,Boston Celtics,,,,,,TD Garden,
Thu Feb 6 2025,8:00p,Houston Rockets,,Minnesota Timberwolves,,,,,,Target Center,
Thu Feb 6 2025,9:00p,Orlando Magic,,Denver Nuggets,,,,,,Ball Arena,
Thu Feb 6 2025,10:00p,Golden State Warriors,,Los Angeles Lakers,,,,,,Crypto.com Arena,
Thu Feb 6 2025,10:00p,Sacramento Kings,,Portland Trail Blazers,,,,,,Moda Center,
Thu Feb 6 2025,10:30p,Indiana Pacers,,Los Angeles Clippers,,,,,,Intuit Dome,
Fri Feb 7 2025,7:00p,San Antonio Spurs,,Charlotte Hornets,,,,,,Spectrum Center,
Fri Feb 7 2025,7:00p,Cleveland Cavaliers,,Washington Wizards,,,,,,Capital One Arena,
Fri Feb 7 2025,7:30p,Milwaukee Bucks,,Atlanta Hawks,,,,,,State Farm Arena,
Fri Feb 7 2025,7:30p,Miami Heat,,Brooklyn Nets,,,,,,Barclays Center,
Fri Feb 7 2025,7:30p,Philadelphia 76ers,,Detroit Pistons,,,,,,Little Caesars Arena,
Fri Feb 7 2025,8:00p,Toronto Raptors,,Oklahoma City Thunder,,,,,,Paycom Center,
Fri Feb 7 2025,10:00p,Utah Jazz,,Phoenix Suns,,,,,,Footprint Center,
Sat Feb 8 2025,3:00p,Houston Rockets,,Dallas Mavericks,,,,,,American Airlines Center,
Sat Feb 8 2025,4:00p,Indiana Pacers,,Los Angeles Lakers,,,,,,Crypto.com Arena,
Sat Feb 8 2025,7:00p,San Antonio Spurs,,Orlando Magic,,,,,,Kia Center,
Sat Feb 8 2025,7:00p,Atlanta Hawks,,Washington Wizards,,,,,,Capital One Arena,
Sat Feb 8 2025,8:00p,Golden State Warriors,,Chicago Bulls,,,,,,United Center,
Sat Feb 8 2025,8:00p,Oklahoma City Thunder,,Memphis Grizzlies,,,,,,FedEx Forum,
Sat Feb 8 2025,8:00p,Portland Trail Blazers,,Minnesota Timberwolves,,,,,,Target Center,
Sat Feb 8 2025,8:30p,Boston Celtics,,New York Knicks,,,,,,Madison Square Garden (IV),
Sat Feb 8 2025,9:00p,Denver Nuggets,,Phoenix Suns,,,,,,Footprint Center,
Sat Feb 8 2025,10:00p,New Orleans Pelicans,,Sacramento Kings,,,,,,Golden 1 Center,
Sat Feb 8 2025,10:30p,Utah Jazz,,Los Angeles Clippers,,,,,,Intuit Dome,
Sun Feb 9 2025,1:00p,Charlotte Hornets,,Detroit Pistons,,,,,,Little Caesars Arena,
Sun Feb 9 2025,2:00p,Toronto Raptors,,Houston Rockets,,,,,,Toyota Center,
Sun Feb 9 2025,2:00p,Philadelphia 76ers,,Milwaukee Bucks,,,,,,Fiserv Forum,
Mon Feb 10 2025,7:00p,Minnesota Timberwolves,,Cleveland Cavaliers,,,,,,Rocket Mortgage Fieldhouse,
Mon Feb 10 2025,7:00p,Atlanta Hawks,,Orlando Magic,,,,,,Kia Center,
Mon Feb 10 2025,7:00p,San Antonio Spurs,,Washington Wizards,,,,,,Capital One Arena,
Mon Feb 10 2025,7:30p,Charlotte Hornets,,Brooklyn Nets,,,,,,Barclays Center,
Mon Feb 10 2025,7:30p,Boston Celtics,,Miami Heat,,,,,,Kaseya Center,
Mon Feb 10 2025,8:00p,Golden State Warriors,,Milwaukee Bucks,,,,,,Fiserv Forum,
Mon Feb 10 2025,8:00p,New Orleans Pelicans,,Oklahoma City Thunder,,,,,,Paycom Center,
Mon Feb 10 2025,8:30p,Sacramento Kings,,Dallas Mavericks,,,,,,American Airlines Center,
Mon Feb 10 2025,9:00p,Portland Trail Blazers,,Denver Nuggets,,,,,,Ball Arena,
Mon Feb 10 2025,10:30p,Utah Jazz,,Los Angeles Lakers,,,,,,Crypto.com Arena,
Tue Feb 11 2025,7:00p,Toronto Raptors,,Philadelphia 76ers,,,,,,Wells Fargo Center,
Tue Feb 11 2025,7:30p,New York Knicks,,Indiana Pacers,,,,,,Gainbridge Fieldhouse,
Tue Feb 11 2025,8:00p,Detroit Pistons,,Chicago Bulls,,,,,,United Center,
Tue Feb 11 2025,10:00p,Memphis Grizzlies,,Phoenix Suns,,,,,,Footprint Center,
Wed Feb 12 2025,7:00p,San Antonio Spurs,,Boston Celtics,,,,,,TD Garden,
Wed Feb 12 2025,7:00p,Charlotte Hornets,,Orlando Magic,,,,,,Kia Center,
Wed Feb 12 2025,7:00p,Indiana Pacers,,Washington Wizards,,,,,,Capital One Arena,
Wed Feb 12 2025,7:30p,Philadelphia 76ers,,Brooklyn Nets,,,,,,Barclays Center,
Wed Feb 12 2025,7:30p,Atlanta Hawks,,New York Knicks,,,,,,Madison Square Garden (IV),
Wed Feb 12 2025,7:30p,Cleveland Cavaliers,,Toronto Raptors,,,,,,Scotiabank Arena,
Wed Feb 12 2025,8:00p,Detroit Pistons,,Chicago Bulls,,,,,,United Center,
Wed Feb 12 2025,8:00p,Milwaukee Bucks,,Minnesota Timberwolves,,,,,,Target Center,
Wed Feb 12 2025,8:00p,Sacramento Kings,,New Orleans Pelicans,,,,,,Smoothie King Center,
Wed Feb 12 2025,8:00p,Miami Heat,,Oklahoma City Thunder,,,,,,Paycom Center,
Wed Feb 12 2025,8:30p,Phoenix Suns,,Houston Rockets,,,,,,Toyota Center,
Wed Feb 12 2025,9:00p,Portland Trail Blazers,,Denver Nuggets,,,,,,Ball Arena,
Wed Feb 12 2025,9:00p,Los Angeles Lakers,,Utah Jazz,,,,,,Delta Center,
Wed Feb 12 2025,9:30p,Golden State Warriors,,Dallas Mavericks,,,,,,American Airlines Center,
Wed Feb 12 2025,10:30p,Memphis Grizzlies,,Los Angeles Clippers,,,,,,Intuit Dome,
Thu Feb 13 2025,8:00p,Golden State Warriors,,Houston Rockets,,,,,,Toyota Center,
Thu Feb 13 2025,8:00p,Sacramento Kings,,New Orleans Pelicans,,,,,,Smoothie King Center,
Thu Feb 13 2025,8:30p,Miami Heat,,Dallas Mavericks,,,,,,American Airlines Center,
Thu Feb 13 2025,8:30p,Oklahoma City Thunder,,Minnesota Timberwolves,,,,,,Target Center,
Thu Feb 13 2025,9:00p,Los Angeles Clippers,,Utah Jazz,,,,,,Delta Center,
Wed Feb 19 2025,10:00p,Charlotte Hornets,,Los Angeles Lakers,,,,,,Crypto.com Arena,
Thu Feb 20 2025,7:00p,Memphis Grizzlies,,Indiana Pacers,,,,,,Gainbridge Fieldhouse,
Thu Feb 20 2025,7:00p,Boston Celtics,,Philadelphia 76ers,,,,,,Wells Fargo Center,
Thu Feb 20 2025,7:30p,Orlando Magic,,Atlanta Hawks,,,,,,State Farm Arena,
Thu Feb 20 2025,7:30p,Cleveland Cavaliers,,Brooklyn Nets,,,,,,Barclays Center,
Thu Feb 20 2025,7:30p,Chicago Bulls,,New York Knicks,,,,,,Madison Square Garden (IV),
Thu Feb 20 2025,8:00p,Los Angeles Clippers,,Milwaukee Bucks,,,,,,Fiserv Forum,
Thu Feb 20 2025,9:00p,Charlotte Hornets,,Denver Nuggets,,,,,,Ball Arena,
Thu Feb 20 2025,9:30p,Phoenix Suns,,San Antonio Spurs,,,,,,Moody Center,
Thu Feb 20 2025,10:00p,Los Angeles Lakers,,Portland Trail Blazers,,,,,,Moda Center,
Fri Feb 21 2025,7:00p,New York Knicks,,Cleveland Cavaliers,,,,,,Rocket Mortgage Fieldhouse,
Fri Feb 21 2025,7:00p,Memphis Grizzlies,,Orlando Magic,,,,,,Kia Center,
Fri Feb 21 2025,7:00p,Milwaukee Bucks,,Washington Wizards,,,,,,Capital One Arena,
Fri Feb 21 2025,7:30p,Miami Heat,,Toronto Raptors,,,,,,Scotiabank Arena,
Fri Feb 21 2025,8:00p,Minnesota Timberwolves,,Houston Rockets,,,,,,Toyota Center,
Fri Feb 21 2025,8:30p,Detroit Pistons,,San Antonio Spurs,,,,,,Moody Center,
Fri Feb 21 2025,9:30p,New Orleans Pelicans,,Dallas Mavericks,,,,,,American Airlines Center,
Fri Feb 21 2025,9:30p,Oklahoma City Thunder,,Utah Jazz,,,,,,Delta Center,
Fri Feb 21 2025,10:00p,Golden State Warriors,,Sacramento Kings,,,,,,Golden 1 Center,
Sat Feb 22 2025,5:00p,Phoenix Suns,,Chicago Bulls,,,,,,United Center,
Sat Feb 22 2025,7:30p,Brooklyn Nets,,Philadelphia 76ers,,,,,,Wells Fargo Center,
Sat Feb 22 2025,8:30p,Los Angeles Lakers,,Denver Nuggets,,,,,,Ball Arena,
Sat Feb 22 2025,9:30p,Houston Rockets,,Utah Jazz,,,,,,Delta Center,
Sat Feb 22 2025,10:00p,Charlotte Hornets,,Portland Trail Blazers,,,,,,Moda Center,
Sun Feb 23 2025,1:00p,New York Knicks,,Boston Celtics,,,,,,TD Garden,
Sun Feb 23 2025,3:30p,Dallas Mavericks,,Golden State Warriors,,,,,,Chase Center,
Sun Feb 23 2025,5:00p,Los Angeles Clippers,,Indiana Pacers,,,,,,Gainbridge Fieldhouse,
Sun Feb 23 2025,6:00p,Detroit Pistons,,Atlanta Hawks,,,,,,State Farm Arena,
Sun Feb 23 2025,6:00p,Washington Wizards,,Orlando Magic,,,,,,Kia Center,
Sun Feb 23 2025,6:00p,Phoenix Suns,,Toronto Raptors,,,,,,Scotiabank Arena,
Sun Feb 23 2025,7:00p,Miami Heat,,Milwaukee Bucks,,,,,,Fiserv Forum,
Sun Feb 23 2025,7:00p,San Antonio Spurs,,New Orleans Pelicans,,,,,,Smoothie King Center,
Sun Feb 23 2025,7:30p,Memphis Grizzlies,,Cleveland Cavaliers,,,,,,Rocket Mortgage Fieldhouse,
Sun Feb 23 2025,9:30p,Oklahoma City Thunder,,Minnesota Timberwolves,,,,,,Target Center,
Mon Feb 24 2025,7:00p,Los Angeles Clippers,,Detroit Pistons,,,,,,Little Caesars Arena,
Mon Feb 24 2025,7:00p,Denver Nuggets,,Indiana Pacers,,,,,,Gainbridge Fieldhouse,
Mon Feb 24 2025,7:00p,Chicago Bulls,,Philadelphia 76ers,,,,,,Wells Fargo Center,
Mon Feb 24 2025,7:00p,Brooklyn Nets,,Washington Wizards,,,,,,Capital One Arena,
Mon Feb 24 2025,7:30p,Miami Heat,,Atlanta Hawks,,,,,,State Farm Arena,
Mon Feb 24 2025,8:00p,Minnesota Timberwolves,,Oklahoma City Thunder,,,,,,Paycom Center,
Mon Feb 24 2025,9:00p,Portland Trail Blazers,,Utah Jazz,,,,,,Delta Center,
Mon Feb 24 2025,10:00p,Charlotte Hornets,,Sacramento Kings,,,,,,Golden 1 Center,
Tue Feb 25 2025,7:00p,Boston Celtics,,Toronto Raptors,,,,,,Scotiabank Arena,
Tue Feb 25 2025,7:30p,Cleveland Cavaliers,,Orlando Magic,,,,,,Kia Center,
Tue Feb 25 2025,8:00p,Milwaukee Bucks,,Houston Rockets,,,,,,Toyota Center,
Tue Feb 25 2025,8:00p,Phoenix Suns,,Memphis Grizzlies,,,,,,FedEx Forum,
Tue Feb 25 2025,8:00p,San Antonio Spurs,,New Orleans Pelicans,,,,,,Smoothie King Center,
Tue Feb 25 2025,10:00p,Charlotte Hornets,,Golden State Warriors,,,,,,Chase Center,
Tue Feb 25 2025,10:00p,Dallas Mavericks,,Los Angeles Lakers,,,,,,Crypto.com Arena,
Wed Feb 26 2025,7:00p,Boston Celtics,,Detroit Pistons,,,,,,Little Caesars Arena,
Wed Feb 26 2025,7:00p,Toronto Raptors,,Indiana Pacers,,,,,,Gainbridge Fieldhouse,
Wed Feb 26 2025,7:00p,Philadelphia 76ers,,New York Knicks,,,,,,Madison Square Garden (IV),
Wed Feb 26 2025,7:00p,Portland Trail Blazers,,Washington Wizards,,,,,,Capital One Arena,
Wed Feb 26 2025,7:30p,Oklahoma City Thunder,,Brooklyn Nets,,,,,,Barclays Center,
Wed Feb 26 2025,7:30p,Atlanta Hawks,,Miami Heat,,,,,,Kaseya Center,
Wed Feb 26 2025,8:00p,Los Angeles Clippers,,Chicago Bulls,,,,,,United Center,
Wed Feb 26 2025,9:00p,Sacramento Kings,,Utah Jazz,,,,,,Delta Center,
Wed Feb 26 2025,9:30p,San Antonio Spurs,,Houston Rockets,,,,,,Toyota Center,
Thu Feb 27 2025,7:00p,Golden State Warriors,,Orlando Magic,,,,,,Kia Center,
Thu Feb 27 2025,7:30p,Denver Nuggets,,Milwaukee Bucks,,,,,,Fiserv Forum,
Thu Feb 27 2025,8:30p,Charlotte Hornets,,Dallas Mavericks,,,,,,American Airlines Center,
Thu Feb 27 2025,10:00p,New Orleans Pelicans,,Phoenix Suns,,,,,,Footprint Center,
Thu Feb 27 2025,10:30p,Minnesota Timberwolves,,Los Angeles Lakers,,,,,,Crypto.com Arena,
Fri Feb 28 2025,7:00p,Denver Nuggets,,Detroit Pistons,,,,,,Little Caesars Arena,
Fri Feb 28 2025,7:30p,Oklahoma City Thunder,,Atlanta Hawks,,,,,,State Farm Arena,
Fri Feb 28 2025,7:30p,Cleveland Cavaliers,,Boston Celtics,,,,,,TD Garden,
Fri Feb 28 2025,7:30p,Portland Trail Blazers,,Brooklyn Nets,,,,,,Barclays Center,
Fri Feb 28 2025,8:00p,Toronto Raptors,,Chicago Bulls,,,,,,United Center,
Fri Feb 28 2025,8:00p,New York Knicks,,Memphis Grizzlies,,,,,,FedEx Forum,
Fri Feb 28 2025,8:00p,Indiana Pacers,,Miami Heat,,,,,,Kaseya Center,
Fri Feb 28 2025,9:00p,New Orleans Pelicans,,Phoenix Suns,,,,,,Footprint Center,
Fri Feb 28 2025,9:30p,Minnesota Timberwolves,,Utah Jazz,,,,,,Delta Center,
Fri Feb 28 2025,10:00p,Los Angeles Clippers,,Los Angeles Lakers,,,,,,Crypto.com Arena,
Sat Mar 1 2025,6:00p,Washington Wizards,,Charlotte Hornets,,,,,,Spectrum Center,
Sat Mar 1 2025,7:00p,Brooklyn Nets,,Detroit Pistons,,,,,,Little Caesars Arena,
Sat Mar 1 2025,8:00p,Sacramento Kings,,Houston Rockets,,,,,,Toyota Center,
Sat Mar 1 2025,8:00p,San Antonio Spurs,,Memphis Grizzlies,,,,,,FedEx Forum,
Sat Mar 1 2025,8:30p,Milwaukee Bucks,,Dallas Mavericks,,,,,,American Airlines Center,
Sat Mar 1 2025,8:30p,Golden State Warriors,,Philadelphia 76ers,,,,,,Wells Fargo Center,
Sun Mar 2 2025,1:00p,Denver Nuggets,,Boston Celtics,,,,,,TD Garden,
Sun Mar 2 2025,3:30p,Portland Trail Blazers,,Cleveland Cavaliers,,,,,,Rocket Mortgage Fieldhouse,
Sun Mar 2 2025,5:00p,Chicago Bulls,,Indiana Pacers,,,,,,Gainbridge Fieldhouse,
Sun Mar 2 2025,6:00p,New York Knicks,,Miami Heat,,,,,,Kaseya Center,
Sun Mar 2 2025,6:00p,Toronto Raptors,,Orlando Magic,,,,,,Kia Center,
Sun Mar 2 2025,7:00p,Oklahoma City Thunder,,San Antonio Spurs,,,,,,Frost Bank Center,
Sun Mar 2 2025,8:00p,New Orleans Pelicans,,Utah Jazz,,,,,,Delta Center,
Sun Mar 2 2025,9:30p,Los Angeles Clippers,,Los Angeles Lakers,,,,,,Crypto.com Arena,
Sun Mar 2 2025,9:30p,Minnesota Timberwolves,,Phoenix Suns,,,,,,Footprint Center,
Mon Mar 3 2025,7:00p,Golden State Warriors,,Charlotte Hornets,,,,,,Spectrum Center,
Mon Mar 3 2025,7:00p,Portland Trail Blazers,,Philadelphia 76ers,,,,,,Wells Fargo Center,
Mon Mar 3 2025,7:30p,Washington Wizards,,Miami Heat,,,,,,Kaseya Center,
Mon Mar 3 2025,8:00p,Atlanta Hawks,,Memphis Grizzlies,,,,,,FedEx Forum,
Mon Mar 3 2025,8:00p,Houston Rockets,,Oklahoma City Thunder,,,,,,Paycom Center,
Mon Mar 3 2025,8:30p,Sacramento Kings,,Dallas Mavericks,,,,,,American Airlines Center,
Mon Mar 3 2025,9:30p,Detroit Pistons,,Utah Jazz,,,,,,Delta Center,
Tue Mar 4 2025,7:00p,Houston Rockets,,Indiana Pacers,,,,,,Gainbridge Fieldhouse,
Tue Mar 4 2025,7:00p,Toronto Raptors,,Orlando Magic,,,,,,Kia Center,
Tue Mar 4 2025,7:30p,Milwaukee Bucks,,Atlanta Hawks,,,,,,State Farm Arena,
Tue Mar 4 2025,7:30p,Golden State Warriors,,New York Knicks,,,,,,Madison Square Garden (IV),
Tue Mar 4 2025,8:00p,Cleveland Cavaliers,,Chicago Bulls,,,,,,United Center,
Tue Mar 4 2025,8:00p,Philadelphia 76ers,,Minnesota Timberwolves,,,,,,Target Center,
Tue Mar 4 2025,8:30p,Brooklyn Nets,,San Antonio Spurs,,,,,,Frost Bank Center,
Tue Mar 4 2025,10:00p,Los Angeles Clippers,,Phoenix Suns,,,,,,Footprint Center,
Tue Mar 4 2025,10:30p,New Orleans Pelicans,,Los Angeles Lakers,,,,,,Crypto.com Arena,
Wed Mar 5 2025,7:00p,Portland Trail Blazers,,Boston Celtics,,,,,,TD Garden,
Wed Mar 5 2025,7:00p,Minnesota Timberwolves,,Charlotte Hornets,,,,,,Spectrum Center,
Wed Mar 5 2025,7:00p,Miami Heat,,Cleveland Cavaliers,,,,,,Rocket Mortgage Fieldhouse,
Wed Mar 5 2025,7:00p,Utah Jazz,,Washington Wizards,,,,,,Capital One Arena,
Wed Mar 5 2025,8:00p,Oklahoma City Thunder,,Memphis Grizzlies,,,,,,FedEx Forum,
Wed Mar 5 2025,9:00p,Sacramento Kings,,Denver Nuggets,,,,,,Ball Arena,
Wed Mar 5 2025,9:30p,Dallas Mavericks,,Milwaukee Bucks,,,,,,Fiserv Forum,
Wed Mar 5 2025,10:30p,Detroit Pistons,,Los Angeles Clippers,,,,,,Intuit Dome,
Thu Mar 6 2025,7:30p,Indiana Pacers,,Atlanta Hawks,,,,,,State Farm Arena,
Thu Mar 6 2025,7:30p,Philadelphia 76ers,,Boston Celtics,,,,,,TD Garden,
Thu Mar 6 2025,7:30p,Golden State Warriors,,Brooklyn Nets,,,,,,Barclays Center,
Thu Mar 6 2025,8:00p,Houston Rockets,,New Orleans Pelicans,,,,,,Smoothie King Center,
Thu Mar 6 2025,10:00p,New York Knicks,,Los Angeles Lakers,,,,,,Crypto.com Arena,
Fri Mar 7 2025,7:00p,Cleveland Cavaliers,,Charlotte Hornets,,,,,,Spectrum Center,
Fri Mar 7 2025,7:30p,Memphis Grizzlies,,Dallas Mavericks,,,,,,American Airlines Center,
Fri Mar 7 2025,7:30p,Utah Jazz,,Toronto Raptors,,,,,,Scotiabank Arena,
Fri Mar 7 2025,8:00p,Minnesota Timberwolves,,Miami Heat,,,,,,Kaseya Center,
Fri Mar 7 2025,8:00p,Portland Trail Blazers,,Oklahoma City Thunder,,,,,,Paycom Center,
Fri Mar 7 2025,10:00p,Phoenix Suns,,Denver Nuggets,,,,,,Ball Arena,
Fri Mar 7 2025,10:00p,San Antonio Spurs,,Sacramento Kings,,,,,,Golden 1 Center,
Fri Mar 7 2025,10:30p,New York Knicks,,Los Angeles Clippers,,,,,,Intuit Dome,
Sat Mar 8 2025,6:00p,Brooklyn Nets,,Charlotte Hornets,,,,,,Spectrum Center,
Sat Mar 8 2025,7:00p,New Orleans Pelicans,,Houston Rockets,,,,,,Toyota Center,
Sat Mar 8 2025,7:30p,Indiana Pacers,,Atlanta Hawks,,,,,,State Farm Arena,
Sat Mar 8 2025,7:30p,Washington Wizards,,Toronto Raptors,,,,,,Scotiabank Arena,
Sat Mar 8 2025,8:00p,Chicago Bulls,,Miami Heat,,,,,,Kaseya Center,
Sat Mar 8 2025,8:00p,Orlando Magic,,Milwaukee Bucks,,,,,,Fiserv Forum,
Sat Mar 8 2025,8:30p,Los Angeles Lakers,,Boston Celtics,,,,,,TD Garden,
Sat Mar 8 2025,8:30p,Detroit Pistons,,Golden State Warriors,,,,,,Chase Center,
Sun Mar 9 2025,1:00p,Denver Nuggets,,Oklahoma City Thunder,,,,,,Paycom Center,
Sun Mar 9 2025,3:30p,Phoenix Suns,,Dallas Mavericks,,,,,,American Airlines Center,
Sun Mar 9 2025,7:00p,Memphis Grizzlies,,New Orleans Pelicans,,,,,,Smoothie King Center,
Sun Mar 9 2025,7:30p,Utah Jazz,,Philadelphia 76ers,,,,,,Wells Fargo Center,
Sun Mar 9 2025,8:00p,Cleveland Cavaliers,,Milwaukee Bucks,,,,,,Fiserv Forum,
Sun Mar 9 2025,8:00p,San Antonio Spurs,,Minnesota Timberwolves,,,,,,Target Center,
Sun Mar 9 2025,9:00p,Detroit Pistons,,Portland Trail Blazers,,,,,,Moda Center,
Sun Mar 9 2025,9:30p,Sacramento Kings,,Los Angeles Clippers,,,,,,Intuit Dome,
Mon Mar 10 2025,7:30p,Philadelphia 76ers,,Atlanta Hawks,,,,,,State Farm Arena,
Mon Mar 10 2025,7:30p,Utah Jazz,,Boston Celtics,,,,,,TD Garden,
Mon Mar 10 2025,7:30p,Los Angeles Lakers,,Brooklyn Nets,,,,,,Barclays Center,
Mon Mar 10 2025,7:30p,Charlotte Hornets,,Miami Heat,,,,,,Kaseya Center,
Mon Mar 10 2025,7:30p,Washington Wizards,,Toronto Raptors,,,,,,Scotiabank Arena,
Mon Mar 10 2025,8:00p,Indiana Pacers,,Chicago Bulls,,,,,,United Center,
Mon Mar 10 2025,8:00p,Orlando Magic,,Houston Rockets,,,,,,Toyota Center,
Mon Mar 10 2025,8:00p,Phoenix Suns,,Memphis Grizzlies,,,,,,FedEx Forum,
Mon Mar 10 2025,8:00p,Denver Nuggets,,Oklahoma City Thunder,,,,,,Paycom Center,
Mon Mar 10 2025,8:30p,Dallas Mavericks,,San Antonio Spurs,,,,,,Frost Bank Center,
Mon Mar 10 2025,10:00p,Portland Trail Blazers,,Golden State Warriors,,,,,,Chase Center,
Mon Mar 10 2025,10:30p,New York Knicks,,Sacramento Kings,,,,,,Golden 1 Center,
Tue Mar 11 2025,7:00p,Brooklyn Nets,,Cleveland Cavaliers,,,,,,Rocket Mortgage Fieldhouse,
Tue Mar 11 2025,7:00p,Washington Wizards,,Detroit Pistons,,,,,,Little Caesars Arena,
Tue Mar 11 2025,7:00p,Milwaukee Bucks,,Indiana Pacers,,,,,,Gainbridge Fieldhouse,
Tue Mar 11 2025,9:30p,Los Angeles Clippers,,New Orleans Pelicans,,,,,,Smoothie King Center,
Wed Mar 12 2025,7:00p,Chicago Bulls,,Orlando Magic,,,,,,Kia Center,
Wed Mar 12 2025,7:30p,Charlotte Hornets,,Atlanta Hawks,,,,,,State Farm Arena,
Wed Mar 12 2025,7:30p,Oklahoma City Thunder,,Boston Celtics,,,,,,TD Garden,
Wed Mar 12 2025,7:30p,Philadelphia 76ers,,Toronto Raptors,,,,,,Scotiabank Arena,
Wed Mar 12 2025,8:00p,Phoenix Suns,,Houston Rockets,,,,,,Toyota Center,
Wed Mar 12 2025,8:00p,Utah Jazz,,Memphis Grizzlies,,,,,,FedEx Forum,
Wed Mar 12 2025,8:00p,Los Angeles Clippers,,Miami Heat,,,,,,Kaseya Center,
Wed Mar 12 2025,8:00p,Dallas Mavericks,,San Antonio Spurs,,,,,,Frost Bank Center,
Wed Mar 12 2025,10:00p,Minnesota Timberwolves,,Denver Nuggets,,,,,,Ball Arena,
Wed Mar 12 2025,10:00p,New York Knicks,,Portland Trail Blazers,,,,,,Moda Center,
Thu Mar 13 2025,7:00p,Washington Wizards,,Detroit Pistons,,,,,,Little Caesars Arena,
Thu Mar 13 2025,7:30p,Los Angeles Lakers,,Milwaukee Bucks,,,,,,Fiserv Forum,
Thu Mar 13 2025,8:00p,Brooklyn Nets,,Chicago Bulls,,,,,,United Center,
Thu Mar 13 2025,10:00p,Sacramento Kings,,Golden State Warriors,,,,,,Chase Center,
Fri Mar 14 2025,7:00p,Boston Celtics,,Miami Heat,,,,,,Kaseya Center,
Fri Mar 14 2025,7:00p,Indiana Pacers,,Philadelphia 76ers,,,,,,Wells Fargo Center,
Fri Mar 14 2025,7:30p,Los Angeles Clippers,,Atlanta Hawks,,,,,,State Farm Arena,
Fri Mar 14 2025,8:00p,Dallas Mavericks,,Houston Rockets,,,,,,Toyota Center,
Fri Mar 14 2025,8:00p,Cleveland Cavaliers,,Memphis Grizzlies,,,,,,FedEx Forum,
Fri Mar 14 2025,8:00p,Orlando Magic,,Minnesota Timberwolves,,,,,,Target Center,
Fri Mar 14 2025,8:00p,Charlotte Hornets,,San Antonio Spurs,,,,,,Frost Bank Center,
Fri Mar 14 2025,9:30p,Los Angeles Lakers,,Denver Nuggets,,,,,,Ball Arena,
Fri Mar 14 2025,9:30p,Toronto Raptors,,Utah Jazz,,,,,,Delta Center,
Fri Mar 14 2025,10:00p,Sacramento Kings,,Phoenix Suns,,,,,,Footprint Center,
Sat Mar 15 2025,6:00p,Boston Celtics,,Brooklyn Nets,,,,,,Barclays Center,
Sat Mar 15 2025,7:00p,Oklahoma City Thunder,,Detroit Pistons,,,,,,Little Caesars Arena,
Sat Mar 15 2025,8:00p,Chicago Bulls,,Houston Rockets,,,,,,Toyota Center,
Sat Mar 15 2025,8:00p,Miami Heat,,Memphis Grizzlies,,,,,,FedEx Forum,
Sat Mar 15 2025,8:00p,Indiana Pacers,,Milwaukee Bucks,,,,,,Fiserv Forum,
Sat Mar 15 2025,8:30p,New York Knicks,,Golden State Warriors,,,,,,Chase Center,
Sat Mar 15 2025,8:30p,New Orleans Pelicans,,San Antonio Spurs,,,,,,Frost Bank Center,
Sat Mar 15 2025,9:00p,Washington Wizards,,Denver Nuggets,,,,,,Ball Arena,
Sun Mar 16 2025,1:00p,Philadelphia 76ers,,Dallas Mavericks,,,,,,American Airlines Center,
Sun Mar 16 2025,3:30p,Phoenix Suns,,Los Angeles Lakers,,,,,,Crypto.com Arena,
Sun Mar 16 2025,6:00p,Atlanta Hawks,,Brooklyn Nets,,,,,,Barclays Center,
Sun Mar 16 2025,6:00p,Orlando Magic,,Cleveland Cavaliers,,,,,,Rocket Mortgage Fieldhouse,
Sun Mar 16 2025,6:00p,Toronto Raptors,,Portland Trail Blazers,,,,,,Moda Center,
Sun Mar 16 2025,7:00p,Charlotte Hornets,,Los Angeles Clippers,,,,,,Intuit Dome,
Sun Mar 16 2025,7:00p,Utah Jazz,,Minnesota Timberwolves,,,,,,Target Center,
Sun Mar 16 2025,9:00p,Oklahoma City Thunder,,Milwaukee Bucks,,,,,,Fiserv Forum,
Mon Mar 17 2025,7:30p,Miami Heat,,New York Knicks,,,,,,Madison Square Garden (IV),
Mon Mar 17 2025,8:00p,Philadelphia 76ers,,Houston Rockets,,,,,,Toyota Center,
Mon Mar 17 2025,8:00p,Indiana Pacers,,Minnesota Timberwolves,,,,,,Target Center,
Mon Mar 17 2025,8:00p,Detroit Pistons,,New Orleans Pelicans,,,,,,Smoothie King Center,
Mon Mar 17 2025,8:00p,Orlando Magic,,San Antonio Spurs,,,,,,Frost Bank Center,
Mon Mar 17 2025,9:00p,Chicago Bulls,,Utah Jazz,,,,,,Delta Center,
Mon Mar 17 2025,10:00p,Denver Nuggets,,Golden State Warriors,,,,,,Chase Center,
Mon Mar 17 2025,10:00p,Toronto Raptors,,Phoenix Suns,,,,,,Footprint Center,
Mon Mar 17 2025,10:00p,Washington Wizards,,Portland Trail Blazers,,,,,,Moda Center,
Mon Mar 17 2025,10:00p,Memphis Grizzlies,,Sacramento Kings,,,,,,Golden 1 Center,
Tue Mar 18 2025,7:00p,Atlanta Hawks,,Charlotte Hornets,,,,,,Spectrum Center,
Tue Mar 18 2025,7:30p,Brooklyn Nets,,Boston Celtics,,,,,,TD Garden,
Tue Mar 18 2025,10:30p,Cleveland Cavaliers,,Los Angeles Clippers,,,,,,Intuit Dome,
Tue Mar 18 2025,10:30p,Milwaukee Bucks,,Los Angeles Lakers,,,,,,Crypto.com Arena,
Wed Mar 19 2025,7:00p,Dallas Mavericks,,Indiana Pacers,,,,,,Gainbridge Fieldhouse,
Wed Mar 19 2025,7:00p,Houston Rockets,,Orlando Magic,,,,,,Kia Center,
Wed Mar 19 2025,7:30p,Detroit Pistons,,Miami Heat,,,,,,Kaseya Center,
Wed Mar 19 2025,7:30p,New Orleans Pelicans,,Minnesota Timberwolves,,,,,,Target Center,
Wed Mar 19 2025,8:00p,Philadelphia 76ers,,Oklahoma City Thunder,,,,,,Paycom Center,
Wed Mar 19 2025,8:00p,New York Knicks,,San Antonio Spurs,,,,,,Frost Bank Center,
Wed Mar 19 2025,9:00p,Washington Wizards,,Utah Jazz,,,,,,Delta Center,
Wed Mar 19 2025,10:00p,Toronto Raptors,,Golden State Warriors,,,,,,Chase Center,
Wed Mar 19 2025,10:00p,Denver Nuggets,,Los Angeles Lakers,,,,,,Crypto.com Arena,
Wed Mar 19 2025,10:00p,Chicago Bulls,,Phoenix Suns,,,,,,Footprint Center,
Wed Mar 19 2025,10:00p,Memphis Grizzlies,,Portland Trail Blazers,,,,,,Moda Center,
Wed Mar 19 2025,10:00p,Cleveland Cavaliers,,Sacramento Kings,,,,,,Golden 1 Center,
Thu Mar 20 2025,7:00p,New York Knicks,,Charlotte Hornets,,,,,,Spectrum Center,
Thu Mar 20 2025,7:00p,Brooklyn Nets,,Indiana Pacers,,,,,,Gainbridge Fieldhouse,
Thu Mar 20 2025,10:00p,Milwaukee Bucks,,Golden State Warriors,,,,,,Chase Center,
Thu Mar 20 2025,10:00p,Chicago Bulls,,Sacramento Kings,,,,,,Golden 1 Center,
Fri Mar 21 2025,7:00p,Orlando Magic,,Washington Wizards,,,,,,Capital One Arena,
Fri Mar 21 2025,8:00p,Houston Rockets,,Miami Heat,,,,,,Kaseya Center,
Fri Mar 21 2025,8:00p,New Orleans Pelicans,,Minnesota Timberwolves,,,,,,Target Center,
Fri Mar 21 2025,8:00p,Charlotte Hornets,,Oklahoma City Thunder,,,,,,Paycom Center,
Fri Mar 21 2025,8:00p,Philadelphia 76ers,,San Antonio Spurs,,,,,,Frost Bank Center,
Fri Mar 21 2025,8:30p,Detroit Pistons,,Dallas Mavericks,,,,,,American Airlines Center,
Fri Mar 21 2025,9:30p,Boston Celtics,,Utah Jazz,,,,,,Delta Center,
Fri Mar 21 2025,10:00p,Cleveland Cavaliers,,Phoenix Suns,,,,,,Footprint Center,
Fri Mar 21 2025,10:00p,Denver Nuggets,,Portland Trail Blazers,,,,,,Moda Center,
Fri Mar 21 2025,10:30p,Memphis Grizzlies,,Los Angeles Clippers,,,,,,Intuit Dome,
Sat Mar 22 2025,5:00p,Brooklyn Nets,,Indiana Pacers,,,,,,Gainbridge Fieldhouse,
Sat Mar 22 2025,7:00p,Golden State Warriors,,Atlanta Hawks,,,,,,State Farm Arena,
Sat Mar 22 2025,8:00p,Washington Wizards,,New York Knicks,,,,,,Madison Square Garden (IV),
Sat Mar 22 2025,10:00p,Milwaukee Bucks,,Sacramento Kings,,,,,,Golden 1 Center,
Sat Mar 22 2025,10:30p,Chicago Bulls,,Los Angeles Lakers,,,,,,Crypto.com Arena,
Sun Mar 23 2025,3:00p,New Orleans Pelicans,,Detroit Pistons,,,,,,Little Caesars Arena,
Sun Mar 23 2025,3:30p,Cleveland Cavaliers,,Utah Jazz,,,,,,Delta Center,
Sun Mar 23 2025,6:00p,Philadelphia 76ers,,Atlanta Hawks,,,,,,State Farm Arena,
Sun Mar 23 2025,6:00p,Charlotte Hornets,,Miami Heat,,,,,,Kaseya Center,
Sun Mar 23 2025,6:00p,Boston Celtics,,Portland Trail Blazers,,,,,,Moda Center,
Sun Mar 23 2025,6:00p,San Antonio Spurs,,Toronto Raptors,,,,,,Scotiabank Arena,
Sun Mar 23 2025,7:00p,Denver Nuggets,,Houston Rockets,,,,,,Toyota Center,
Sun Mar 23 2025,9:00p,Oklahoma City Thunder,,Los Angeles Clippers,,,,,,Intuit Dome,
Mon Mar 24 2025,7:00p,Minnesota Timberwolves,,Indiana Pacers,,,,,,Gainbridge Fieldhouse,
Mon Mar 24 2025,7:00p,Los Angeles Lakers,,Orlando Magic,,,,,,Kia Center,
Mon Mar 24 2025,7:00p,Toronto Raptors,,Washington Wizards,,,,,,Capital One Arena,
Mon Mar 24 2025,7:30p,Dallas Mavericks,,Brooklyn Nets,,,,,,Barclays Center,
Mon Mar 24 2025,8:00p,Philadelphia 76ers,,New Orleans Pelicans,,,,,,Smoothie King Center,
Mon Mar 24 2025,9:00p,Chicago Bulls,,Denver Nuggets,,,,,,Ball Arena,
Mon Mar 24 2025,10:00p,Milwaukee Bucks,,Phoenix Suns,,,,,,Footprint Center,
Mon Mar 24 2025,10:00p,Boston Celtics,,Sacramento Kings,,,,,,Golden 1 Center,
Tue Mar 25 2025,7:00p,Orlando Magic,,Charlotte Hornets,,,,,,Spectrum Center,
Tue Mar 25 2025,7:00p,San Antonio Spurs,,Detroit Pistons,,,,,,Little Caesars Arena,
Tue Mar 25 2025,7:30p,Golden State Warriors,,Miami Heat,,,,,,Kaseya Center,
Tue Mar 25 2025,7:30p,Dallas Mavericks,,New York Knicks,,,,,,Madison Square Garden (IV),
Tue Mar 25 2025,8:00p,Atlanta Hawks,,Houston Rockets,,,,,,Toyota Center,
Tue Mar 25 2025,9:00p,Memphis Grizzlies,,Utah Jazz,,,,,,Delta Center,
Tue Mar 25 2025,10:00p,Cleveland Cavaliers,,Portland Trail Blazers,,,,,,Moda Center,
Tue Mar 25 2025,10:00p,Oklahoma City Thunder,,Sacramento Kings,,,,,,Golden 1 Center,
Wed Mar 26 2025,7:00p,Washington Wizards,,Philadelphia 76ers,,,,,,Wells Fargo Center,
Wed Mar 26 2025,7:30p,Toronto Raptors,,Brooklyn Nets,,,,,,Barclays Center,
Wed Mar 26 2025,7:30p,Los Angeles Lakers,,Indiana Pacers,,,,,,Gainbridge Fieldhouse,
Wed Mar 26 2025,7:30p,Los Angeles Clippers,,New York Knicks,,,,,,Madison Square Garden (IV),
Wed Mar 26 2025,9:00p,Milwaukee Bucks,,Denver Nuggets,,,,,,Ball Arena,
Wed Mar 26 2025,10:00p,Boston Celtics,,Phoenix Suns,,,,,,Footprint Center,
Thu Mar 27 2025,7:00p,San Antonio Spurs,,Cleveland Cavaliers,,,,,,Rocket Mortgage Fieldhouse,
Thu Mar 27 2025,7:00p,Dallas Mavericks,,Orlando Magic,,,,,,Kia Center,
Thu Mar 27 2025,7:00p,Indiana Pacers,,Washington Wizards,,,,,,Capital One Arena,
Thu Mar 27 2025,7:30p,Atlanta Hawks,,Miami Heat,,,,,,Kaseya Center,
Thu Mar 27 2025,8:00p,Los Angeles Lakers,,Chicago Bulls,,,,,,United Center,
Thu Mar 27 2025,8:00p,Memphis Grizzlies,,Oklahoma City Thunder,,,,,,Paycom Center,
Thu Mar 27 2025,9:00p,Houston Rockets,,Utah Jazz,,,,,,Delta Center,
Thu Mar 27 2025,10:00p,Portland Trail Blazers,,Sacramento Kings,,,,,,Golden 1 Center,
Fri Mar 28 2025,7:00p,Cleveland Cavaliers,,Detroit Pistons,,,,,,Little Caesars Arena,
Fri Mar 28 2025,7:30p,Los Angeles Clippers,,Brooklyn Nets,,,,,,Barclays Center,
Fri Mar 28 2025,7:30p,Charlotte Hornets,,Toronto Raptors,,,,,,Scotiabank Arena,
Fri Mar 28 2025,8:00p,New York Knicks,,Milwaukee Bucks,,,,,,Fiserv Forum,
Fri Mar 28 2025,8:00p,Phoenix Suns,,Minnesota Timberwolves,,,,,,Target Center,
Fri Mar 28 2025,8:00p,Golden State Warriors,,New Orleans Pelicans,,,,,,Smoothie King Center,
Fri Mar 28 2025,9:00p,Utah Jazz,,Denver Nuggets,,,,,,Ball Arena,
Sat Mar 29 2025,5:00p,Sacramento Kings,,Orlando Magic,,,,,,Kia Center,
Sat Mar 29 2025,7:00p,Brooklyn Nets,,Washington Wizards,,,,,,Capital One Arena,
Sat Mar 29 2025,7:30p,Miami Heat,,Philadelphia 76ers,,,,,,Wells Fargo Center,
Sat Mar 29 2025,8:00p,Dallas Mavericks,,Chicago Bulls,,,,,,United Center,
Sat Mar 29 2025,8:00p,Los Angeles Lakers,,Memphis Grizzlies,,,,,,FedEx Forum,
Sat Mar 29 2025,8:00p,Indiana Pacers,,Oklahoma City Thunder,,,,,,Paycom Center,
Sat Mar 29 2025,8:00p,Boston Celtics,,San Antonio Spurs,,,,,,Frost Bank Center,
Sun Mar 30 2025,3:30p,Los Angeles Clippers,,Cleveland Cavaliers,,,,,,Rocket Mortgage Fieldhouse,
Sun Mar 30 2025,6:00p,Portland Trail Blazers,,New York Knicks,,,,,,Madison Square Garden (IV),
Sun Mar 30 2025,7:00p,Atlanta Hawks,,Milwaukee Bucks,,,,,,Fiserv Forum,
Sun Mar 30 2025,7:00p,Detroit Pistons,,Minnesota Timberwolves,,,,,,Target Center,
Sun Mar 30 2025,7:00p,Charlotte Hornets,,New Orleans Pelicans,,,,,,Smoothie King Center,
Sun Mar 30 2025,7:00p,Golden State Warriors,,San Antonio Spurs,,,,,,Frost Bank Center,
Sun Mar 30 2025,7:30p,Toronto Raptors,,Philadelphia 76ers,,,,,,Wells Fargo Center,
Sun Mar 30 2025,9:00p,Houston Rockets,,Phoenix Suns,,,,,,Footprint Center,
Mon Mar 31 2025,7:00p,Utah Jazz,,Charlotte Hornets,,,,,,Spectrum Center,
Mon Mar 31 2025,7:00p,Sacramento Kings,,Indiana Pacers,,,,,,Gainbridge Fieldhouse,
Mon Mar 31 2025,7:00p,Los Angeles Clippers,,Orlando Magic,,,,,,Kia Center,
Mon Mar 31 2025,7:00p,Miami Heat,,Washington Wizards,,,,,,Capital One Arena,
Mon Mar 31 2025,8:00p,Boston Celtics,,Memphis Grizzlies,,,,,,FedEx Forum,
Mon Mar 31 2025,8:00p,Chicago Bulls,,Oklahoma City Thunder,,,,,,Paycom Center,
Mon Mar 31 2025,8:30p,Brooklyn Nets,,Dallas Mavericks,,,,,,American Airlines Center,
Mon Mar 31 2025,10:30p,Houston Rockets,,Los Angeles Lakers,,,,,,Crypto.com Arena,