Player,Team,Stat,Line
Nikola Jokic,DEN,Pts+Rebs+Asts,49.5
Jordan Poole,WAS,Points,20.5
Anfernee Simons,POR,FG Attempted,15.5
Anfernee Simons,POR,FG Made,6.0
Anfernee Simons,POR,Rebounds,2.5
Anfernee Simons,POR,Pts+Asts,22.0
Anfernee Simons,POR,Points,17.5
Anfernee Simons,POR,Pts+Rebs,20.0
Anfernee Simons,POR,Assists,4.5
Anfernee Simons,POR,Rebs+Asts,7.5
Anfernee Simons,POR,Pts+Rebs+Asts,25.0
Bam Adebayo,MIA,FG Made,6.5
Bam Adebayo,MIA,FG Attempted,13.5
Bam Adebayo,MIA,Pts+Rebs,25.5
Bam Adebayo,MIA,Rebounds,9.0
Bam Adebayo,MIA,Points,16.5
Bam Adebayo,MIA,Pts+Asts,20.5
Bam Adebayo,MIA,Assists,4.5
Bam Adebayo,MIA,Pts+Rebs+Asts,30.0
Bam Adebayo,MIA,3-PT Made,0.5
Bam Adebayo,MIA,Rebs+Asts,13.5
Deandre Ayton,POR,Dunks,1.5
Deandre Ayton,POR,FG Attempted,10.5
Deandre Ayton,POR,FG Made,6.0
Deandre Ayton,POR,Defensive Rebounds,7.0
Deandre Ayton,POR,Offensive Rebounds,2.5
Deandre Ayton,POR,Pts+Rebs,22.5
Deandre Ayton,POR,Pts+Asts,13.5
Deandre Ayton,POR,Points,12.5
Deandre Ayton,POR,Blks+Stls,1.5
Deandre Ayton,POR,Pts+Rebs+Asts,23.0
Deandre Ayton,POR,Rebs+Asts,10.5
Deandre Ayton,POR,Rebounds,9.5
Duncan Robinson,MIA,FG Attempted,10.0
Duncan Robinson,MIA,3-PT Attempted,6.5
Duncan Robinson,MIA,FG Made,4.5
Duncan Robinson,MIA,Pts+Asts,16.0
Duncan Robinson,MIA,Pts+Rebs,15.5
Duncan Robinson,MIA,Rebs+Asts,6.0
Duncan Robinson,MIA,Points,12.5
Deni Avdija,POR,Points,14.5
Deni Avdija,POR,Pts+Asts,18.5
Deni Avdija,POR,Pts+Rebs,21.5
Deni Avdija,POR,Pts+Rebs+Asts,24.5
Deni Avdija,POR,Rebounds,6.5
Jaime Jaquez Jr.,MIA,Points,10.5
Jaime Jaquez Jr.,MIA,Assists,2.5
Jaime Jaquez Jr.,MIA,Pts+Rebs,14.5
Jerami Grant,POR,Pts+Rebs,15.0
Jerami Grant,POR,Pts+Asts,13.0
Jerami Grant,POR,Steals,0.5
Jerami Grant,POR,Points,11.5
Jerami Grant,POR,Pts+Rebs+Asts,16.5
Jimmy Butler,MIA,FG Attempted,11.5
Jimmy Butler,MIA,FG Made,6.5
Jimmy Butler,MIA,Defensive Rebounds,3.5
Jimmy Butler,MIA,Points,18.5
Jimmy Butler,MIA,Rebs+Asts,10.0
Jimmy Butler,MIA,Rebounds,5.0
Jimmy Butler,MIA,Pts+Asts,23.5
Jimmy Butler,MIA,Assists,5.0
Jimmy Butler,MIA,Pts+Rebs+Asts,28.5
Jimmy Butler,MIA,Pts+Rebs,23.5
Nikola Jovic,MIA,Pts+Rebs+Asts,19.5
Nikola Jovic,MIA,Pts+Rebs,16.5
Nikola Jovic,MIA,3-PT Made,1.5
Nikola Jovic,MIA,Rebounds,4.5
Terry Rozier,MIA,Assists,3.5
Robert Williams III,POR,Rebounds,5.5
Robert Williams III,POR,Points,5.0
Anfernee Simons,POR,Rebounds,3.5
Deandre Ayton,POR,Points,9.5
Nikola Jovic,MIA,Rebs+Asts,9.5
Deandre Ayton,POR,Assists,2.5
Deandre Ayton,POR,Rebounds,8.5
Deandre Ayton,POR,Blocked Shots,0.5
Jaime Jaquez Jr.,MIA,Rebounds,5.5
Jimmy Butler,MIA,Assists,6.5
Deni Avdija,POR,Assists,2.5
Deandre Ayton,POR,Steals,1.5
Nikola Jovic,MIA,Pts+Rebs,19.5
Bam Adebayo,MIA,Assists,2.5
Jimmy Butler,MIA,Turnovers,1.5
Deni Avdija,POR,Points,22.5
Jerami Grant,POR,Pts+Rebs+Asts,14.5
Deandre Ayton,POR,Blocked Shots,1.5
Duncan Robinson,MIA,Rebs+Asts,7.5
Deni Avdija,POR,Steals,0.5
Jerami Grant,POR,Steals,1.5
Jerami Grant,POR,3-PT Made,2.5
Nikola Jovic,MIA,Assists,4.5
Deni Avdija,POR,Rebs+Asts,13.5
Deni Avdija,POR,Steals,1.5
Deandre Ayton,POR,Pts+Rebs,29.5
Deni Avdija,POR,Rebounds,8.5
Deandre Ayton,POR,Points,11.5
Deni Avdija,POR,Points,11.5
Jerami Grant,POR,Rebs+Asts,7.5
Duncan Robinson,MIA,Assists,2.5
Duncan Robinson,MIA,Assists,4.5
Deandre Ayton,POR,Rebounds,12.5
Deandre Ayton,POR,Rebounds,11.5
Anfernee Simons,POR,Points,14.5
Anfernee Simons,POR,3-PT Made,3.5
Bam Adebayo,MIA,Points,17.5
Duncan Robinson,MIA,Rebounds,1.5
Deandre Ayton,POR,Rebounds,13.5
Terry Rozier,MIA,Steals,1.5
Bam Adebayo,MIA,Assists,6.5
Anfernee Simons,POR,Blocked Shots,0.5
Anfernee Simons,POR,3-PT Made,4.5
Jimmy Butler,MIA,Steals,2.5
Anfernee Simons,POR,Assists,7.5
Jerami Grant,POR,Pts+Asts,19.5
Duncan Robinson,MIA,Pts+Rebs+Asts,24.5
Jimmy Butler,MIA,Pts+Rebs,29.5
Jerami Grant,POR,Rebounds,4.5
Jaime Jaquez Jr.,MIA,Blocked Shots,0.5
Jaime Jaquez Jr.,MIA,Steals,1.5
Jaime Jaquez Jr.,MIA,Rebs+Asts,9.5
Anfernee Simons,POR,Steals,1.5
Anfernee Simons,POR,Rebounds,4.5
Jimmy Butler,MIA,Rebounds,7.5
Bam Adebayo,MIA,Steals,2.5
Nikola Jovic,MIA,Steals,1.5
Jimmy Butler,MIA,Rebs+Asts,7.5
Jerami Grant,POR,Assists,3.5
Jaime Jaquez Jr.,MIA,Rebounds,2.5
Duncan Robinson,MIA,Points,7.5
Bam Adebayo,MIA,Assists,5.5
Nikola Jovic,MIA,Pts+Rebs,9.5
Jimmy Butler,MIA,Rebounds,6.5
Bam Adebayo,MIA,Rebounds,6.5
Nikola Jovic,MIA,Assists,3.5
Jaime Jaquez Jr.,MIA,Rebs+Asts,5.5
Nikola Jovic,MIA,3-PT Made,2.5
Bam Adebayo,MIA,Rebounds,12.5
Deni Avdija,POR,3-PT Made,2.5
Jerami Grant,POR,Blocked Shots,1.5
Deandre Ayton,POR,Pts+Rebs,19.5
Duncan Robinson,MIA,Pts+Rebs,9.5
Jimmy Butler,MIA,Points,22.5
Anfernee Simons,POR,Pts+Rebs,24.5
Nikola Jovic,MIA,Points,7.5
Jaime Jaquez Jr.,MIA,Points,13.5
Nikola Jovic,MIA,Rebounds,3.5
Anfernee Simons,POR,Points,24.5
Terry Rozier,MIA,Blocked Shots,0.5
Duncan Robinson,MIA,Points,17.5
Bam Adebayo,MIA,Points,19.5
Anfernee Simons,POR,Pts+Rebs+Asts,29.5
Jerami Grant,POR,Pts+Rebs,19.5
Anfernee Simons,POR,Assists,6.5
Anfernee Simons,POR,Assists,3.5
Jerami Grant,POR,Points,14.5
Jerami Grant,POR,Assists,2.5
Deni Avdija,POR,Assists,4.5
Deandre Ayton,POR,Pts+Rebs+Asts,29.5
Jerami Grant,POR,Points,9.5
Deandre Ayton,POR,Points,19.5
Jimmy Butler,MIA,Rebs+Asts,13.5
Duncan Robinson,MIA,Points,16.5
Nikola Jovic,MIA,Points,14.5
Anfernee Simons,POR,Turnovers,2.5
Nikola Jovic,MIA,Points,11.5
Anfernee Simons,POR,Pts+Rebs+Asts,34.5
Duncan Robinson,MIA,3-PT Made,3.5
Deandre Ayton,POR,Points,17.5
Bam Adebayo,MIA,Rebs+Asts,15.5
Jaime Jaquez Jr.,MIA,Rebs+Asts,7.5
Deandre Ayton,POR,Rebounds,7.5
Deni Avdija,POR,Points,19.5
Anfernee Simons,POR,Pts+Asts,19.5
Anfernee Simons,POR,Points,12.5
Nikola Jovic,MIA,Rebounds,2.5
Jaime Jaquez Jr.,MIA,Steals,2.5
Jaime Jaquez Jr.,MIA,Steals,0.5
Nikola Jovic,MIA,Rebs+Asts,11.5
Jaime Jaquez Jr.,MIA,Assists,1.5
Jaime Jaquez Jr.,MIA,Assists,4.5
Jaime Jaquez Jr.,MIA,Assists,3.5
Duncan Robinson,MIA,3-PT Made,1.5
Nikola Jovic,MIA,Rebounds,6.5
Jimmy Butler,MIA,Assists,3.5
Nikola Jovic,MIA,Points,6.5
Nikola Jovic,MIA,Assists,1.5
Jerami Grant,POR,Assists,1.5
Duncan Robinson,MIA,Rebs+Asts,4.5
Duncan Robinson,MIA,Steals,1.5
Jaime Jaquez Jr.,MIA,Rebounds,4.5
Duncan Robinson,MIA,Pts+Rebs+Asts,18.5
Jimmy Butler,MIA,Steals,0.5
Jimmy Butler,MIA,Blocked Shots,0.5
Jimmy Butler,MIA,Assists,5.5
Bam Adebayo,MIA,Points,11.5
Jaime Jaquez Jr.,MIA,3-PT Made,1.5
Nikola Jovic,MIA,Blocked Shots,0.5
Terry Rozier,MIA,Pts+Rebs,24.5
Duncan Robinson,MIA,Blocked Shots,0.5
Nikola Jovic,MIA,Rebounds,5.5
Duncan Robinson,MIA,Pts+Rebs,19.5
Jimmy Butler,MIA,Rebs+Asts,11.5
Jimmy Butler,MIA,Rebs+Asts,14.5
Jimmy Butler,MIA,Rebounds,3.5
Duncan Robinson,MIA,Rebounds,3.5
Bam Adebayo,MIA,Steals,0.5
Bam Adebayo,MIA,Pts+Rebs,29.5
Deni Avdija,POR,Rebounds,5.5
Jaime Jaquez Jr.,MIA,Pts+Rebs,9.5
Deandre Ayton,POR,Pts+Rebs+Asts,19.5
Jerami Grant,POR,Pts+Rebs+Asts,24.5
Jaime Jaquez Jr.,MIA,Pts+Rebs,14.5
Nikola Jovic,MIA,3-PT Made,0.5
Duncan Robinson,MIA,Pts+Rebs+Asts,14.5
Bam Adebayo,MIA,Rebounds,11.5
Bam Adebayo,MIA,3-PT Made,1.5
Deni Avdija,POR,Pts+Asts,24.5
Deandre Ayton,POR,Pts+Asts,19.5
Duncan Robinson,MIA,Pts+Asts,19.5
Bam Adebayo,MIA,Rebounds,7.5
Bam Adebayo,MIA,Blocked Shots,1.5
Bam Adebayo,MIA,Pts+Rebs+Asts,34.5
Bam Adebayo,MIA,Pts+Rebs+Asts,24.5
Bam Adebayo,MIA,Pts+Asts,24.5
Jerami Grant,POR,Points,17.5
Jaime Jaquez Jr.,MIA,Points,11.5
Nikola Jovic,MIA,Points,15.5
Bam Adebayo,MIA,Rebs+Asts,17.5
Bruce Brown,TOR,Pts+Rebs,11.5
Bruce Brown,TOR,Pts+Rebs+Asts,13.5
Bruce Brown,TOR,Rebs+Asts,5.0
Bruce Brown,TOR,Points,8.0
Davion Mitchell,TOR,Pts+Rebs+Asts,13.5
Davion Mitchell,TOR,Pts+Asts,11.0
Davion Mitchell,TOR,Pts+Rebs,9.0
Davion Mitchell,TOR,Points,6.5
Davion Mitchell,TOR,Rebs+Asts,6.0
Davion Mitchell,TOR,Assists,4.0
Gradey Dick,TOR,Pts+Rebs+Asts,17.5
Gradey Dick,TOR,Pts+Asts,14.5
Gradey Dick,TOR,Points,12.5
Gradey Dick,TOR,Pts+Rebs,16.0
Gradey Dick,TOR,FG Attempted,11.0
Gradey Dick,TOR,3-PT Attempted,5.5
Jakob Poeltl,TOR,Defensive Rebounds,7.0
Jakob Poeltl,TOR,Rebounds,10.0
Jakob Poeltl,TOR,Pts+Rebs,23.5
Jakob Poeltl,TOR,Pts+Asts,14.5
Jakob Poeltl,TOR,Points,13.0
Jakob Poeltl,TOR,Rebs+Asts,12.5
Jakob Poeltl,TOR,Pts+Rebs+Asts,25.5
Jakob Poeltl,TOR,FG Attempted,10.0
Jakob Poeltl,TOR,Offensive Rebounds,3.5
Jakob Poeltl,TOR,FG Made,6.0
RJ Barrett,TOR,Pts+Rebs+Asts,33.0
RJ Barrett,TOR,3-PT Attempted,5.5
RJ Barrett,TOR,Assists,4.5
RJ Barrett,TOR,FG Attempted,17.0
RJ Barrett,TOR,FG Made,8.0
RJ Barrett,TOR,Rebs+Asts,11.5
RJ Barrett,TOR,Free Throws Made,4.0
RJ Barrett,TOR,Rebounds,6.5
RJ Barrett,TOR,Points,21.5
RJ Barrett,TOR,Pts+Asts,26.5
RJ Barrett,TOR,Pts+Rebs,28.0
Scottie Barnes,TOR,Steals,1.5
Scottie Barnes,TOR,Rebounds,8.0
Scottie Barnes,TOR,Points,20.0
Scottie Barnes,TOR,Rebs+Asts,14.0
Scottie Barnes,TOR,Pts+Rebs+Asts,34.0
Scottie Barnes,TOR,Pts+Rebs,28.0
Scottie Barnes,TOR,Free Throws Made,3.0
Scottie Barnes,TOR,Dunks,0.5
Scottie Barnes,TOR,FG Attempted,17.0
Scottie Barnes,TOR,Pts+Asts,26.0
Scottie Barnes,TOR,Assists,6.0
RJ Barrett,TOR,Points,19.5
Jakob Poeltl,TOR,Rebs+Asts,11.5
Davion Mitchell,TOR,Pts+Asts,9.5
Scottie Barnes,TOR,3-PT Made,2.5
Scottie Barnes,TOR,Rebs+Asts,17.5
Gradey Dick,TOR,Pts+Rebs,14.5
Davion Mitchell,TOR,Rebs+Asts,9.5
Davion Mitchell,TOR,Pts+Rebs+Asts,11.5
Bruce Brown,TOR,Rebounds,4.5
Bruce Brown,TOR,Points,9.5
Bruce Brown,TOR,Pts+Rebs+Asts,9.5
Bruce Brown,TOR,3-PT Made,1.5
Bruce Brown,TOR,Assists,2.5
Bruce Brown,TOR,Pts+Rebs,9.5
Bruce Brown,TOR,Pts+Rebs+Asts,19.5
Bruce Brown,TOR,Blocked Shots,0.5
Bruce Brown,TOR,Points,12.5
Davion Mitchell,TOR,Points,10.5
Davion Mitchell,TOR,Points,9.5
Davion Mitchell,TOR,Rebounds,3.5
Davion Mitchell,TOR,Pts+Asts,14.5
Davion Mitchell,TOR,Steals,1.5
Davion Mitchell,TOR,Assists,5.5
Davion Mitchell,TOR,Rebs+Asts,7.5
Davion Mitchell,TOR,Pts+Rebs,14.5
Davion Mitchell,TOR,Rebounds,2.5
Davion Mitchell,TOR,3-PT Made,1.5
Davion Mitchell,TOR,Assists,3.5
Davion Mitchell,TOR,Assists,6.5
Gradey Dick,TOR,3-PT Made,1.5
Gradey Dick,TOR,Blocked Shots,0.5
Gradey Dick,TOR,Points,17.5
Gradey Dick,TOR,Pts+Rebs+Asts,14.5
Gradey Dick,TOR,3-PT Made,2.5
Gradey Dick,TOR,Rebounds,4.5
Gradey Dick,TOR,Assists,2.5
Gradey Dick,TOR,Steals,1.5
Gradey Dick,TOR,Pts+Rebs,24.5
Jakob Poeltl,TOR,Assists,1.5
Jakob Poeltl,TOR,Points,17.5
Jakob Poeltl,TOR,Blocked Shots,1.5
Jakob Poeltl,TOR,Points,9.5
Jakob Poeltl,TOR,Rebounds,12.5
Jakob Poeltl,TOR,Blocked Shots,0.5
Jakob Poeltl,TOR,Rebs+Asts,14.5
Jakob Poeltl,TOR,Pts+Asts,19.5
Jakob Poeltl,TOR,Pts+Rebs,19.5
Jakob Poeltl,TOR,Rebounds,14.5
Jakob Poeltl,TOR,Assists,3.5
Jakob Poeltl,TOR,Pts+Rebs+Asts,29.5
Jakob Poeltl,TOR,Rebounds,9.5
Jakob Poeltl,TOR,Blocked Shots,2.5
Jakob Poeltl,TOR,Rebounds,13.5
Jakob Poeltl,TOR,Steals,0.5
Jakob Poeltl,TOR,Rebs+Asts,17.5
Jakob Poeltl,TOR,Steals,1.5
Jakob Poeltl,TOR,Steals,2.5
Jakob Poeltl,TOR,Rebs+Asts,15.5
Jonathan Isaac,ORL,Rebs+Asts,7.5
Jonathan Isaac,ORL,Assists,1.5
Kentavious Caldwell-Pope,ORL,Rebounds,1.5
Jonathan Isaac,ORL,Rebs+Asts,9.5
RJ Barrett,TOR,Pts+Asts,24.5
RJ Barrett,TOR,Points,29.5
RJ Barrett,TOR,Blocked Shots,0.5
RJ Barrett,TOR,Points,24.5
RJ Barrett,TOR,Pts+Asts,29.5
RJ Barrett,TOR,Assists,5.5
RJ Barrett,TOR,3-PT Made,2.5
RJ Barrett,TOR,Rebs+Asts,14.5
RJ Barrett,TOR,Rebounds,8.5
RJ Barrett,TOR,Pts+Rebs,24.5
RJ Barrett,TOR,Pts+Rebs+Asts,29.5
RJ Barrett,TOR,Rebounds,7.5
RJ Barrett,TOR,Rebounds,4.5
Scottie Barnes,TOR,3-PT Made,0.5
RJ Barrett,TOR,Rebounds,5.5
Scottie Barnes,TOR,3-PT Made,1.5
RJ Barrett,TOR,Rebs+Asts,13.5
RJ Barrett,TOR,Steals,0.5
RJ Barrett,TOR,Pts+Rebs+Asts,39.5
RJ Barrett,TOR,Pts+Asts,34.5
RJ Barrett,TOR,Steals,1.5
RJ Barrett,TOR,Pts+Rebs,34.5
Scottie Barnes,TOR,Rebs+Asts,15.5
Scottie Barnes,TOR,Points,24.5
Scottie Barnes,TOR,Blocked Shots,0.5
Scottie Barnes,TOR,Steals,2.5
Scottie Barnes,TOR,Blocked Shots,1.5
Scottie Barnes,TOR,Pts+Rebs+Asts,29.5
Scottie Barnes,TOR,Rebounds,9.5
Scottie Barnes,TOR,Pts+Rebs+Asts,39.5
Scottie Barnes,TOR,Pts+Asts,29.5
Scottie Barnes,TOR,Rebounds,6.5
Scottie Barnes,TOR,Pts+Rebs,24.5
Gradey Dick,TOR,Rebounds,2.5
Bruce Brown,TOR,Rebounds,2.5
Scottie Barnes,TOR,Assists,4.5
Scottie Barnes,TOR,Points,14.5
Jakob Poeltl,TOR,Points,14.5
RJ Barrett,TOR,Assists,3.5
Paolo Banchero,ORL,Rebs+Asts,9.5
Wendell Carter Jr.,ORL,Rebs+Asts,9.5
RJ Barrett,TOR,Rebs+Asts,15.5
Gradey Dick,TOR,Points,11.5
Bruce Brown,TOR,Pts+Rebs,14.5
Gradey Dick,TOR,Points,9.5
Gradey Dick,TOR,Pts+Rebs,19.5
RJ Barrett,TOR,Points,17.5
Jakob Poeltl,TOR,Pts+Rebs+Asts,34.5
Gradey Dick,TOR,Points,19.5
Gradey Dick,TOR,Pts+Rebs+Asts,24.5
Jakob Poeltl,TOR,Points,11.5
Bruce Brown,TOR,Pts+Asts,14.5
Jakob Poeltl,TOR,Pts+Rebs,29.5
Scottie Barnes,TOR,Points,17.5
RJ Barrett,TOR,Assists,6.5
Davion Mitchell,TOR,Points,4.5
Scottie Barnes,TOR,Pts+Rebs,34.5
Gradey Dick,TOR,3-PT Made,3.5
Scottie Barnes,TOR,Assists,8.5
Davion Mitchell,TOR,Pts+Rebs+Asts,19.5
Bruce Brown,TOR,Steals,1.5
Gradey Dick,TOR,Pts+Asts,19.5
Davion Mitchell,TOR,Blocked Shots,0.5
Scottie Barnes,TOR,Assists,7.5
Scottie Barnes,TOR,Rebounds,10.5
Jalen Brunson,NYK,Pts+Rebs+Asts,35.5
Jalen Brunson,NYK,Free Throws Made,5.5
Jalen Brunson,NYK,Points,25.5
Jalen Brunson,NYK,3-PT Attempted,5.5
Jalen Brunson,NYK,FG Made,9.5
Jalen Brunson,NYK,FG Attempted,18.0
Jalen Brunson,NYK,Rebs+Asts,10.0
Jalen Brunson,NYK,Pts+Asts,32.5
Jalen Brunson,NYK,Pts+Rebs,28.5
Cameron Johnson,BKN,FG Attempted,14.5
Cameron Johnson,BKN,3-PT Attempted,8.0
Cameron Johnson,BKN,FG Made,6.5
Cameron Johnson,BKN,Free Throws Made,2.5
Cameron Johnson,BKN,Offensive Rebounds,0.5
Josh Hart,NYK,Points,12.5
Josh Hart,NYK,Assists,5.5
Josh Hart,NYK,Free Throws Made,1.5
Josh Hart,NYK,Pts+Asts,17.5
Josh Hart,NYK,Pts+Rebs+Asts,28.0
Josh Hart,NYK,Pts+Rebs,22.0
Josh Hart,NYK,Rebounds,9.5
Josh Hart,NYK,Rebs+Asts,15.0
Cameron Johnson,BKN,Pts+Rebs,22.0
Cameron Johnson,BKN,Pts+Rebs+Asts,25.0
Nicolas Claxton,BKN,FG Made,4.5
Cameron Johnson,BKN,Points,18.0
Nicolas Claxton,BKN,Dunks,1.5
Cameron Johnson,BKN,Rebounds,3.5
Cameron Johnson,BKN,Pts+Asts,21.5
Cameron Johnson,BKN,Rebs+Asts,6.5
Nicolas Claxton,BKN,Defensive Rebounds,5.5
Karl-Anthony Towns,NYK,Pts+Rebs,36.0
Karl-Anthony Towns,NYK,Rebounds,12.5
Karl-Anthony Towns,NYK,Free Throws Made,4.0
Karl-Anthony Towns,NYK,Offensive Rebounds,2.5
Karl-Anthony Towns,NYK,Turnovers,2.5
Karl-Anthony Towns,NYK,FG Made,8.5
Karl-Anthony Towns,NYK,3-PT Attempted,4.5
Karl-Anthony Towns,NYK,Rebs+Asts,16.5
Karl-Anthony Towns,NYK,FG Attempted,16.0
Karl-Anthony Towns,NYK,Pts+Rebs+Asts,39.5
Karl-Anthony Towns,NYK,Defensive Rebounds,10.0
Karl-Anthony Towns,NYK,Points,22.5
Karl-Anthony Towns,NYK,Pts+Asts,26.5
Nicolas Claxton,BKN,Pts+Rebs,18.0
Nicolas Claxton,BKN,Pts+Asts,12.5
Nicolas Claxton,BKN,Rebs+Asts,9.5
Nicolas Claxton,BKN,Pts+Rebs+Asts,20.5
Nicolas Claxton,BKN,Rebounds,7.5
Nicolas Claxton,BKN,Points,10.5
Noah Clowney,BKN,FG Attempted,9.5
Mikal Bridges,NYK,FG Made,6.5
Mikal Bridges,NYK,FG Attempted,14.5
Mikal Bridges,NYK,Rebs+Asts,6.0
Mikal Bridges,NYK,3-PT Attempted,6.5
Mikal Bridges,NYK,Pts+Rebs+Asts,24.0
Mikal Bridges,NYK,Rebounds,3.0
Mikal Bridges,NYK,Pts+Rebs,20.5
Mikal Bridges,NYK,Pts+Asts,20.5
Mikal Bridges,NYK,Points,18.0
Noah Clowney,BKN,Steals,0.5
Noah Clowney,BKN,Pts+Rebs+Asts,17.5
D'Angelo Russell,BKN,FG Attempted,13.0
D'Angelo Russell,BKN,FG Made,5.5
D'Angelo Russell,BKN,3-PT Attempted,6.5
Noah Clowney,BKN,Points,11.5
Noah Clowney,BKN,Rebounds,4.5
Noah Clowney,BKN,Pts+Rebs,16.5
Noah Clowney,BKN,Pts+Asts,12.5
Miles McBride,NYK,Points,7.5
Miles McBride,NYK,Pts+Rebs+Asts,12.5
Miles McBride,NYK,Steals,0.5
Miles McBride,NYK,Pts+Rebs,9.5
Miles McBride,NYK,Pts+Asts,10.0
Miles McBride,NYK,Assists,2.5
OG Anunoby,NYK,FG Attempted,11.0
Day'Ron Sharpe,BKN,Rebounds,6.5
OG Anunoby,NYK,Pts+Rebs+Asts,20.5
OG Anunoby,NYK,Pts+Asts,16.0
OG Anunoby,NYK,Rebs+Asts,6.0
OG Anunoby,NYK,Pts+Rebs,19.0
OG Anunoby,NYK,Points,14.5
Jalen Wilson,BKN,Points,9.5
Precious Achiuwa,NYK,Steals,0.5
Precious Achiuwa,NYK,Pts+Rebs+Asts,10.5
Precious Achiuwa,NYK,Rebs+Asts,5.5
Precious Achiuwa,NYK,Points,4.5
Precious Achiuwa,NYK,Pts+Asts,5.5
Precious Achiuwa,NYK,Pts+Rebs,10.0
Precious Achiuwa,NYK,Rebounds,5.0
Keon Johnson,BKN,Points,10.0
D'Angelo Russell,BKN,Pts+Rebs,18.0
D'Angelo Russell,BKN,Assists,7.0
D'Angelo Russell,BKN,Points,15.5
D'Angelo Russell,BKN,Pts+Rebs+Asts,25.5
Jalen Wilson,BKN,3-PT Made,2.5
Josh Hart,NYK,Pts+Rebs,24.5
Karl-Anthony Towns,NYK,Blocked Shots,1.5
Jalen Brunson,NYK,Assists,8.5
Karl-Anthony Towns,NYK,Points,19.5
OG Anunoby,NYK,Pts+Rebs+Asts,24.5
OG Anunoby,NYK,Steals,0.5
Mikal Bridges,NYK,Pts+Asts,24.5
Mikal Bridges,NYK,Assists,1.5
Mikal Bridges,NYK,Pts+Rebs+Asts,29.5
Mikal Bridges,NYK,Pts+Asts,14.5
Karl-Anthony Towns,NYK,Pts+Asts,29.5
Josh Hart,NYK,Pts+Rebs+Asts,34.5
Karl-Anthony Towns,NYK,Pts+Rebs,29.5
Miles McBride,NYK,Points,4.5
Karl-Anthony Towns,NYK,Points,29.5
Precious Achiuwa,NYK,Steals,1.5
Miles McBride,NYK,Points,11.5
Mikal Bridges,NYK,Rebs+Asts,7.5
OG Anunoby,NYK,Pts+Rebs,24.5
Josh Hart,NYK,Blocked Shots,0.5
Karl-Anthony Towns,NYK,Steals,1.5
Miles McBride,NYK,Pts+Rebs+Asts,9.5
Karl-Anthony Towns,NYK,Rebounds,16.5
OG Anunoby,NYK,Rebounds,6.5
Miles McBride,NYK,Pts+Asts,14.5
Jalen Brunson,NYK,Assists,6.5
Karl-Anthony Towns,NYK,Rebs+Asts,14.5
Jalen Brunson,NYK,Pts+Rebs+Asts,44.5
Miles McBride,NYK,3-PT Made,2.5
Jalen Brunson,NYK,3-PT Made,3.5
Mikal Bridges,NYK,Points,23.5
Miles McBride,NYK,Assists,1.5
Jalen Brunson,NYK,Pts+Rebs+Asts,39.5
Josh Hart,NYK,Pts+Rebs,19.5
OG Anunoby,NYK,Pts+Asts,14.5
Josh Hart,NYK,Rebounds,11.5
OG Anunoby,NYK,Rebounds,5.5
Mikal Bridges,NYK,Pts+Rebs+Asts,19.5
Mikal Bridges,NYK,Points,19.5
Mikal Bridges,NYK,3-PT Made,3.5
Jalen Brunson,NYK,3-PT Made,2.5
Jalen Brunson,NYK,Points,29.5
Karl-Anthony Towns,NYK,3-PT Made,2.5
Karl-Anthony Towns,NYK,Assists,3.5
Jalen Brunson,NYK,Assists,5.5
Karl-Anthony Towns,NYK,Blocked Shots,0.5
Jalen Brunson,NYK,Pts+Asts,29.5
Josh Hart,NYK,Pts+Rebs,29.5
Karl-Anthony Towns,NYK,Pts+Asts,34.5
Miles McBride,NYK,Assists,4.5
Josh Hart,NYK,Steals,2.5
Josh Hart,NYK,Assists,8.5
Miles McBride,NYK,Assists,3.5
Jalen Brunson,NYK,Rebounds,4.5
Karl-Anthony Towns,NYK,Rebs+Asts,19.5
Josh Hart,NYK,Rebs+Asts,21.5
Josh Hart,NYK,Rebs+Asts,19.5
Mikal Bridges,NYK,Steals,1.5
Miles McBride,NYK,Rebounds,3.5
Mikal Bridges,NYK,Assists,4.5
Miles McBride,NYK,Blocked Shots,0.5
Precious Achiuwa,NYK,Rebounds,6.5
Jalen Wilson,BKN,Points,7.5
Precious Achiuwa,NYK,Points,8.5
Jalen Brunson,NYK,Rebs+Asts,11.5
Precious Achiuwa,NYK,Blocked Shots,1.5
OG Anunoby,NYK,Rebounds,3.5
Karl-Anthony Towns,NYK,Assists,4.5
Jalen Brunson,NYK,Points,33.5
Jalen Brunson,NYK,Pts+Rebs,24.5
Precious Achiuwa,NYK,Pts+Rebs,14.5
OG Anunoby,NYK,Steals,1.5
Cameron Johnson,BKN,Blocked Shots,0.5
Jalen Brunson,NYK,Pts+Asts,39.5
Mikal Bridges,NYK,Rebounds,4.5
Jalen Wilson,BKN,Pts+Asts,9.5
Josh Hart,NYK,Assists,4.5
Josh Hart,NYK,Pts+Asts,24.5
Jalen Wilson,BKN,Points,5.5
Noah Clowney,BKN,Pts+Asts,9.5
Noah Clowney,BKN,Pts+Asts,19.5
Jalen Wilson,BKN,Pts+Rebs+Asts,19.5
Noah Clowney,BKN,3-PT Made,3.5
Noah Clowney,BKN,Points,14.5
Jalen Wilson,BKN,Turnovers,1.5
Noah Clowney,BKN,Pts+Rebs+Asts,14.5
Noah Clowney,BKN,Pts+Rebs,14.5
Noah Clowney,BKN,Pts+Rebs,19.5
Noah Clowney,BKN,Rebs+Asts,7.5
Jalen Wilson,BKN,Rebounds,2.5
Jalen Wilson,BKN,Pts+Asts,14.5
Jalen Wilson,BKN,Pts+Rebs,19.5
Jalen Wilson,BKN,Rebounds,4.5
Noah Clowney,BKN,Pts+Rebs+Asts,24.5
Cameron Johnson,BKN,Pts+Rebs,19.5
Jalen Wilson,BKN,Assists,2.5
Jalen Wilson,BKN,Assists,0.5
Cameron Johnson,BKN,Points,24.5
Noah Clowney,BKN,Rebounds,3.5
D'Angelo Russell,BKN,Assists,9.5
D'Angelo Russell,BKN,Points,19.5
Noah Clowney,BKN,Rebounds,5.5
Jalen Wilson,BKN,Pts+Rebs,9.5
Cameron Johnson,BKN,Rebounds,2.5
Jalen Wilson,BKN,3-PT Made,0.5
Noah Clowney,BKN,Points,7.5
D'Angelo Russell,BKN,Points,9.5
Precious Achiuwa,NYK,Points,7.5
Miles McBride,NYK,Points,5.5
Jalen Brunson,NYK,Points,20.5
Jalen Brunson,NYK,Assists,9.5
Mikal Bridges,NYK,Points,12.5
Miles McBride,NYK,Points,3.5
Mikal Bridges,NYK,Rebounds,1.5
OG Anunoby,NYK,Turnovers,1.5
Josh Hart,NYK,Points,17.5
Mikal Bridges,NYK,Rebounds,3.5
Miles McBride,NYK,Pts+Rebs+Asts,14.5
Josh Hart,NYK,Assists,6.5
Josh Hart,NYK,3-PT Made,0.5
Precious Achiuwa,NYK,Pts+Rebs+Asts,14.5
Mikal Bridges,NYK,Points,14.5
Miles McBride,NYK,Steals,1.5
OG Anunoby,NYK,Points,19.5
Precious Achiuwa,NYK,Rebounds,7.5
Precious Achiuwa,NYK,Pts+Rebs+Asts,9.5
OG Anunoby,NYK,Pts+Asts,19.5
Josh Hart,NYK,Points,8.5
Karl-Anthony Towns,NYK,Points,30.5
Precious Achiuwa,NYK,Pts+Asts,9.5
Karl-Anthony Towns,NYK,Rebounds,14.5
Precious Achiuwa,NYK,3-PT Made,0.5
Josh Hart,NYK,Pts+Rebs+Asts,24.5
OG Anunoby,NYK,Points,9.5
Karl-Anthony Towns,NYK,Steals,0.5
Josh Hart,NYK,Points,9.5
Cameron Johnson,BKN,Assists,4.5
Karl-Anthony Towns,NYK,Points,17.5
Josh Hart,NYK,Assists,7.5
Jalen Brunson,NYK,Pts+Rebs+Asts,29.5
Karl-Anthony Towns,NYK,Pts+Rebs+Asts,44.5
Jalen Brunson,NYK,Steals,0.5
Mikal Bridges,NYK,Blocked Shots,0.5
Cameron Johnson,BKN,Points,14.5
Cameron Johnson,BKN,Pts+Asts,19.5
Cameron Johnson,BKN,3-PT Made,4.5
Cameron Johnson,BKN,Rebounds,5.5
Cameron Johnson,BKN,Pts+Rebs+Asts,29.5
Cameron Johnson,BKN,Rebounds,4.5
Cameron Johnson,BKN,Rebs+Asts,9.5
Cameron Johnson,BKN,Pts+Rebs,29.5
Cameron Johnson,BKN,Pts+Asts,29.5
Jalen Brunson,NYK,Assists,10.5
Noah Clowney,BKN,Points,17.5
Noah Clowney,BKN,Points,9.5
Noah Clowney,BKN,Rebs+Asts,9.5
Noah Clowney,BKN,Steals,1.5
Noah Clowney,BKN,3-PT Made,1.5
Noah Clowney,BKN,Rebounds,6.5
Miles McBride,NYK,Pts+Rebs,14.5
Karl-Anthony Towns,NYK,Pts+Rebs,44.5
Jalen Brunson,NYK,Rebs+Asts,13.5
Jalen Wilson,BKN,Points,11.5
Cameron Johnson,BKN,Pts+Rebs+Asts,19.5
Noah Clowney,BKN,Assists,2.5
Cameron Johnson,BKN,Pts+Rebs+Asts,34.5
Mikal Bridges,NYK,Turnovers,1.5
Cameron Johnson,BKN,3-PT Made,2.5
Noah Clowney,BKN,Assists,0.5
Cameron Johnson,BKN,Assists,5.5
Jalen Wilson,BKN,Steals,1.5
Mikal Bridges,NYK,3-PT Made,1.5
Miles McBride,NYK,3-PT Made,0.5
Mikal Bridges,NYK,Assists,3.5
Jalen Brunson,NYK,Steals,1.5
Miles McBride,NYK,Rebs+Asts,7.5
OG Anunoby,NYK,Assists,2.5
Precious Achiuwa,NYK,Assists,1.5
Karl-Anthony Towns,NYK,Rebounds,13.5
Jalen Brunson,NYK,3-PT Made,1.5
Karl-Anthony Towns,NYK,Rebounds,9.5
OG Anunoby,NYK,3-PT Made,2.5
Josh Hart,NYK,Rebs+Asts,17.5
Josh Hart,NYK,Points,14.5
Jalen Brunson,NYK,Points,34.5
Mikal Bridges,NYK,Pts+Rebs,14.5
Josh Hart,NYK,3-PT Made,1.5
Jalen Brunson,NYK,Rebounds,3.5
OG Anunoby,NYK,Pts+Rebs,14.5
Mikal Bridges,NYK,Steals,0.5
OG Anunoby,NYK,Points,17.5
Precious Achiuwa,NYK,Rebs+Asts,7.5
Karl-Anthony Towns,NYK,Pts+Rebs+Asts,49.5
Karl-Anthony Towns,NYK,Rebounds,15.5
Miles McBride,NYK,Points,9.5
Mikal Bridges,NYK,Pts+Rebs,24.5
Karl-Anthony Towns,NYK,Rebs+Asts,17.5
Karl-Anthony Towns,NYK,Pts+Rebs+Asts,34.5
Precious Achiuwa,NYK,Rebounds,3.5
Mikal Bridges,NYK,Rebs+Asts,4.5
Josh Hart,NYK,Rebounds,12.5
OG Anunoby,NYK,Rebs+Asts,7.5
Miles McBride,NYK,Rebounds,2.5
Karl-Anthony Towns,NYK,Pts+Asts,24.5
Josh Hart,NYK,Pts+Asts,14.5
Josh Hart,NYK,Rebounds,13.5
Cameron Johnson,BKN,Points,13.5
Jalen Brunson,NYK,Pts+Rebs,34.5
Cameron Johnson,BKN,Steals,1.5
D'Angelo Russell,BKN,Rebs+Asts,10.0
OG Anunoby,NYK,Points,11.5
Karl-Anthony Towns,NYK,Pts+Rebs,39.5
OG Anunoby,NYK,Blocked Shots,1.5
Jalen Wilson,BKN,Rebounds,5.5
Jalen Wilson,BKN,Rebs+Asts,7.5
Jalen Wilson,BKN,Points,14.5
Noah Clowney,BKN,Pts+Rebs,24.5
Aaron Gordon,DEN,FG Attempted,7.0
Aaron Gordon,DEN,Pts+Rebs,14.0
Aaron Gordon,DEN,Pts+Asts,12.0
Aaron Gordon,DEN,Points,10.0
Aaron Gordon,DEN,Rebs+Asts,6.0
Aaron Gordon,DEN,Pts+Rebs+Asts,16.5
Aaron Gordon,DEN,Rebounds,4.0
Aaron Gordon,DEN,Blks+Stls,0.5
Eric Gordon,PHI,Pts+Rebs,11.5
Eric Gordon,PHI,Points,10.0
Eric Gordon,PHI,Rebounds,1.5
Eric Gordon,PHI,Pts+Rebs+Asts,13.5
Eric Gordon,PHI,Rebs+Asts,4.0
Eric Gordon,PHI,Pts+Asts,12.5
Christian Braun,DEN,FG Attempted,8.5
Christian Braun,DEN,FG Made,4.5
Christian Braun,DEN,Defensive Rebounds,3.5
Christian Braun,DEN,Steals,0.5
Christian Braun,DEN,Rebs+Asts,6.0
Christian Braun,DEN,Points,11.5
Christian Braun,DEN,Pts+Asts,13.5
Christian Braun,DEN,Pts+Rebs+Asts,18.0
Christian Braun,DEN,Pts+Rebs,15.5
Guerschon Yabusele,PHI,Pts+Asts,13.5
Guerschon Yabusele,PHI,Pts+Rebs,17.0
Guerschon Yabusele,PHI,Pts+Rebs+Asts,19.5
Guerschon Yabusele,PHI,Points,10.5
Guerschon Yabusele,PHI,Rebs+Asts,8.5
Jamal Murray,DEN,Offensive Rebounds,0.5
Jamal Murray,DEN,FG Attempted,16.5
Jamal Murray,DEN,Defensive Rebounds,3.0
Jamal Murray,DEN,Free Throws Made,2.5
Jamal Murray,DEN,3-PT Attempted,6.0
Jamal Murray,DEN,FG Made,7.5
Jamal Murray,DEN,Pts+Asts,25.5
Jamal Murray,DEN,Rebs+Asts,9.0
Jamal Murray,DEN,Points,19.5
Jamal Murray,DEN,Pts+Rebs+Asts,29.0
Jamal Murray,DEN,Pts+Rebs,23.5
Jamal Murray,DEN,Rebounds,3.5
Jamal Murray,DEN,Assists,5.5
Kelly Oubre Jr.,PHI,Rebs+Asts,7.5
Kelly Oubre Jr.,PHI,Turnovers,1.5
Kelly Oubre Jr.,PHI,Rebounds,6.0
Kelly Oubre Jr.,PHI,Points,15.0
Kelly Oubre Jr.,PHI,Pts+Rebs,21.0
Kelly Oubre Jr.,PHI,Pts+Rebs+Asts,23.5
Kelly Oubre Jr.,PHI,Pts+Asts,17.5
Julian Strawther,DEN,FG Attempted,8.0
Julian Strawther,DEN,3-PT Attempted,4.5
Julian Strawther,DEN,FG Made,3.0
Julian Strawther,DEN,Rebs+Asts,3.5
Julian Strawther,DEN,Pts+Asts,9.5
Julian Strawther,DEN,Pts+Rebs+Asts,12.5
Julian Strawther,DEN,Points,9.0
Julian Strawther,DEN,Pts+Rebs,11.0
Paul George,PHI,Pts+Rebs+Asts,31.5
Paul George,PHI,Pts+Asts,25.5
Paul George,PHI,Rebs+Asts,11.0
Paul George,PHI,Assists,5.0
Paul George,PHI,Rebounds,6.0
Paul George,PHI,Points,21.0
Paul George,PHI,Pts+Rebs,27.0
Michael Porter Jr.,DEN,FG Attempted,11.5
Michael Porter Jr.,DEN,Defensive Rebounds,4.5
Michael Porter Jr.,DEN,FG Made,5.5
Michael Porter Jr.,DEN,Dunks,0.5
Michael Porter Jr.,DEN,3-PT Attempted,6.0
Michael Porter Jr.,DEN,Points,15.5
Michael Porter Jr.,DEN,3-PT Made,2.5
Michael Porter Jr.,DEN,Pts+Rebs+Asts,22.5
Michael Porter Jr.,DEN,Pts+Asts,16.5
Michael Porter Jr.,DEN,Pts+Rebs,21.5
Michael Porter Jr.,DEN,Rebounds,5.5
Tyrese Maxey,PHI,Assists,6.5
Tyrese Maxey,PHI,Pts+Asts,36.0
Tyrese Maxey,PHI,Rebs+Asts,10.0
Tyrese Maxey,PHI,Points,28.5
Tyrese Maxey,PHI,Rebounds,3.5
Tyrese Maxey,PHI,Pts+Rebs,32.5
Tyrese Maxey,PHI,Pts+Rebs+Asts,39.5
Nikola Jokic,DEN,FG Attempted,18.0
Nikola Jokic,DEN,Offensive Rebounds,3.0
Nikola Jokic,DEN,Defensive Rebounds,10.0
Nikola Jokic,DEN,FG Made,10.5
Nikola Jokic,DEN,Free Throws Made,4.5
Nikola Jokic,DEN,Assists,9.5
Nikola Jokic,DEN,Rebounds,13.0
Nikola Jokic,DEN,Pts+Rebs,40.0
Nikola Jokic,DEN,Pts+Rebs+Asts,49.5
Nikola Jokic,DEN,Pts+Asts,36.5
Nikola Jokic,DEN,Points,27.5
Nikola Jokic,DEN,Rebs+Asts,22.5
Peyton Watson,DEN,Defensive Rebounds,2.5
Peyton Watson,DEN,FG Made,2.5
Peyton Watson,DEN,3-PT Made,0.5
Peyton Watson,DEN,Pts+Rebs,10.5
Peyton Watson,DEN,Pts+Asts,8.5
Peyton Watson,DEN,Rebs+Asts,4.5
Peyton Watson,DEN,Points,7.0
Peyton Watson,DEN,Pts+Rebs+Asts,12.0
Russell Westbrook,DEN,Offensive Rebounds,1.5
Russell Westbrook,DEN,FG Made,5.5
Russell Westbrook,DEN,FG Attempted,11.0
Russell Westbrook,DEN,Defensive Rebounds,4.0
Russell Westbrook,DEN,Pts+Asts,19.5
Russell Westbrook,DEN,Pts+Rebs+Asts,25.0
Russell Westbrook,DEN,Rebs+Asts,11.5
Russell Westbrook,DEN,Blks+Stls,1.5
Russell Westbrook,DEN,Points,13.5
Russell Westbrook,DEN,Assists,6.5
Russell Westbrook,DEN,Rebounds,5.0
Russell Westbrook,DEN,Turnovers,2.5
Russell Westbrook,DEN,Pts+Rebs,19.0
Jamal Murray,DEN,Pts+Rebs+Asts,34.5
Tyrese Maxey,PHI,3-PT Made,4.5
Tyrese Maxey,PHI,Assists,9.5
Russell Westbrook,DEN,Rebounds,7.5
Tyrese Maxey,PHI,Assists,5.5
Nikola Jokic,DEN,Points,21.5
Julian Strawther,DEN,Blocked Shots,0.5
Russell Westbrook,DEN,3-PT Made,2.5
Nikola Jokic,DEN,Pts+Rebs,44.5
Michael Porter Jr.,DEN,Points,20.5
Paul George,PHI,3-PT Made,4.5
Tyrese Maxey,PHI,Pts+Asts,34.5
Paul George,PHI,Assists,6.5
Nikola Jokic,DEN,Assists,12.5
Michael Porter Jr.,DEN,Pts+Rebs,24.5
Aaron Gordon,DEN,Points,14.5
Nikola Jokic,DEN,Pts+Rebs,34.5
Michael Porter Jr.,DEN,Assists,2.5
Michael Porter Jr.,DEN,3-PT Made,1.5
Jamal Murray,DEN,3-PT Made,3.5
Russell Westbrook,DEN,Rebounds,6.5
Tyrese Maxey,PHI,Assists,4.5
Paul George,PHI,Rebounds,5.5
Paul George,PHI,Points,19.5
Paul George,PHI,Assists,5.5
Tyrese Maxey,PHI,Points,23.5
Christian Braun,DEN,Pts+Rebs+Asts,19.5
Nikola Jokic,DEN,Rebounds,14.5
Christian Braun,DEN,Assists,2.5
Julian Strawther,DEN,3-PT Made,2.5
Paul George,PHI,Points,24.5
Michael Porter Jr.,DEN,Turnovers,1.5
Nikola Jokic,DEN,Points,24.5
Russell Westbrook,DEN,Assists,4.5
Eric Gordon,PHI,Blocked Shots,0.5
Russell Westbrook,DEN,Rebounds,4.5
Nikola Jokic,DEN,Points,29.5
Guerschon Yabusele,PHI,Turnovers,1.5
Eric Gordon,PHI,3-PT Made,2.5
Kelly Oubre Jr.,PHI,Points,11.5
Russell Westbrook,DEN,3-PT Made,1.5
Paul George,PHI,3-PT Made,3.5
Russell Westbrook,DEN,Points,9.5
Christian Braun,DEN,Points,9.5
Kelly Oubre Jr.,PHI,Rebounds,4.5
Tyrese Maxey,PHI,Pts+Rebs+Asts,34.5
Jamal Murray,DEN,Pts+Rebs+Asts,24.5
Kelly Oubre Jr.,PHI,Points,19.5
Eric Gordon,PHI,Points,14.5
Tyrese Maxey,PHI,Pts+Rebs,44.5
Guerschon Yabusele,PHI,Points,14.5
Jamal Murray,DEN,Points,14.5
Paul George,PHI,Rebounds,4.5
Tyrese Maxey,PHI,Rebounds,2.5
Eric Gordon,PHI,Steals,0.5
Tyrese Maxey,PHI,Pts+Rebs+Asts,44.5
Tyrese Maxey,PHI,3-PT Made,5.5
Christian Braun,DEN,Points,15.5
Paul George,PHI,Points,29.5
Tyrese Maxey,PHI,Pts+Asts,44.5
Tyrese Maxey,PHI,Points,24.5
Russell Westbrook,DEN,Points,19.5
Peyton Watson,DEN,3-PT Made,1.5
Russell Westbrook,DEN,Pts+Rebs,24.5
Nikola Jokic,DEN,Pts+Asts,39.5
Jamal Murray,DEN,Steals,1.5
Michael Porter Jr.,DEN,Pts+Asts,19.5
Christian Braun,DEN,Pts+Rebs,14.5
Michael Porter Jr.,DEN,Blocked Shots,0.5
Tyrese Maxey,PHI,Points,34.5
Julian Strawther,DEN,Points,5.5
Michael Porter Jr.,DEN,Assists,1.5
Jamal Murray,DEN,Rebounds,4.5
Michael Porter Jr.,DEN,Pts+Asts,14.5
Christian Braun,DEN,Rebounds,5.5
Nikola Jokic,DEN,Assists,7.5
Aaron Gordon,DEN,Turnovers,0.5
Russell Westbrook,DEN,Pts+Rebs,14.5
Russell Westbrook,DEN,Rebounds,3.5
Michael Porter Jr.,DEN,Rebounds,6.5
Aaron Gordon,DEN,Steals,0.5
Nikola Jokic,DEN,Pts+Rebs,49.5
Christian Braun,DEN,Pts+Asts,19.5
Nikola Jokic,DEN,Pts+Asts,44.5
Paul George,PHI,Points,28.5
Guerschon Yabusele,PHI,Points,9.5
Guerschon Yabusele,PHI,Rebounds,4.5
Guerschon Yabusele,PHI,Rebounds,7.5
Kelly Oubre Jr.,PHI,Assists,3.5
Tyrese Maxey,PHI,Points,37.5
Nikola Jokic,DEN,Rebounds,11.5
Michael Porter Jr.,DEN,Rebounds,4.5
Michael Porter Jr.,DEN,3-PT Made,3.5
Jamal Murray,DEN,3-PT Made,1.5
Jamal Murray,DEN,Assists,6.5
Aaron Gordon,DEN,Points,15.5
Jamal Murray,DEN,Pts+Asts,34.5
Jamal Murray,DEN,Rebounds,2.5
Jamal Murray,DEN,Points,24.5
Christian Braun,DEN,Points,14.5
Jamal Murray,DEN,Rebounds,5.5
Aaron Gordon,DEN,Assists,1.5
Nikola Jokic,DEN,Rebounds,16.5
Christian Braun,DEN,Points,7.5
Tyrese Maxey,PHI,Pts+Rebs+Asts,49.5
Tyrese Maxey,PHI,Points,39.5
Tyrese Maxey,PHI,Pts+Asts,39.5
Paul George,PHI,Pts+Rebs+Asts,29.5
Paul George,PHI,Points,15.5
Kelly Oubre Jr.,PHI,3-PT Made,2.5
Kelly Oubre Jr.,PHI,Points,14.5
Paul George,PHI,Assists,3.5
Kelly Oubre Jr.,PHI,Assists,2.5
Kelly Oubre Jr.,PHI,3-PT Made,0.5
Kelly Oubre Jr.,PHI,Rebounds,7.5
Tyrese Maxey,PHI,Rebounds,4.5
Nikola Jokic,DEN,3-PT Made,2.5
Michael Porter Jr.,DEN,Points,19.5
Christian Braun,DEN,Rebounds,3.5
Nikola Jokic,DEN,Assists,11.5
Nikola Jokic,DEN,Pts+Rebs+Asts,59.5
Christian Braun,DEN,3-PT Made,1.5
Russell Westbrook,DEN,Assists,7.5
Aaron Gordon,DEN,Blocked Shots,0.5
Kelly Oubre Jr.,PHI,Pts+Rebs+Asts,19.5
Guerschon Yabusele,PHI,3-PT Made,0.5
Paul George,PHI,Blocked Shots,0.5
Tyrese Maxey,PHI,3-PT Made,2.5
Guerschon Yabusele,PHI,Steals,0.5
Kelly Oubre Jr.,PHI,Rebounds,5.5
Tyrese Maxey,PHI,Pts+Asts,29.5
Michael Porter Jr.,DEN,Rebounds,7.5
Russell Westbrook,DEN,Assists,5.5
Peyton Watson,DEN,Points,11.5
Russell Westbrook,DEN,3-PT Made,0.5
Peyton Watson,DEN,Blocked Shots,1.5
Paul George,PHI,Pts+Rebs,24.5
Kelly Oubre Jr.,PHI,Pts+Asts,24.5
Christian Braun,DEN,Pts+Asts,9.5
Jamal Murray,DEN,Pts+Rebs,29.5
Eric Gordon,PHI,Points,15.5
Aaron Gordon,DEN,3-PT Made,1.5
Guerschon Yabusele,PHI,Points,16.5
Paul George,PHI,Pts+Asts,24.5
Guerschon Yabusele,PHI,3-PT Made,2.5
Russell Westbrook,DEN,Pts+Rebs+Asts,34.5
Christian Braun,DEN,Pts+Rebs+Asts,24.5
Christian Braun,DEN,Rebounds,6.5
Guerschon Yabusele,PHI,Rebounds,9.5
Julian Strawther,DEN,Points,13.5
Paul George,PHI,Rebounds,7.5
Christian Braun,DEN,Pts+Rebs,19.5
Russell Westbrook,DEN,Steals,1.5
Tyrese Maxey,PHI,Blocked Shots,0.5
Christian Braun,DEN,Pts+Asts,14.5
Nikola Jokic,DEN,Rebounds,15.5
Eric Gordon,PHI,Turnovers,0.5
Nikola Jokic,DEN,Points,34.5
Michael Porter Jr.,DEN,Pts+Rebs+Asts,29.5
Guerschon Yabusele,PHI,Pts+Rebs,14.5
Kelly Oubre Jr.,PHI,Pts+Rebs+Asts,29.5
Jamal Murray,DEN,Assists,4.5
Kelly Oubre Jr.,PHI,Pts+Rebs,19.5
Nikola Jokic,DEN,Points,33.5
Tyrese Maxey,PHI,Rebounds,5.5
Jamal Murray,DEN,Assists,7.5
Julian Strawther,DEN,Points,14.5
Jamal Murray,DEN,Pts+Asts,29.5
Aaron Gordon,DEN,Points,6.5
Kelly Oubre Jr.,PHI,Pts+Asts,14.5
Alex Sarr,WAS,FG Made,4.5
Alex Sarr,WAS,Rebounds,7.0
Alex Sarr,WAS,FG Attempted,10.5
Alex Sarr,WAS,3-PT Attempted,4.5
Alex Sarr,WAS,Steals,0.5
Alex Sarr,WAS,Pts+Rebs+Asts,20.5
Alex Sarr,WAS,Pts+Rebs,18.5
Alex Sarr,WAS,Pts+Asts,13.5
Alex Sarr,WAS,Points,11.0
Alex Sarr,WAS,Defensive Rebounds,5.0
Anthony Davis,LAL,Rebs+Asts,16.5
Anthony Davis,LAL,Pts+Rebs,40.5
Anthony Davis,LAL,Points,27.5
Anthony Davis,LAL,Assists,3.5
Anthony Davis,LAL,Rebounds,13.0
Anthony Davis,LAL,Pts+Rebs+Asts,44.5
Anthony Davis,LAL,Pts+Asts,31.5
Anthony Davis,LAL,Turnovers,2.5
Bilal Coulibaly,WAS,Rebs+Asts,8.0
Bilal Coulibaly,WAS,FG Attempted,10.0
Bilal Coulibaly,WAS,Points,11.5
Bilal Coulibaly,WAS,Pts+Rebs+Asts,19.5
Bilal Coulibaly,WAS,Defensive Rebounds,3.5
Bilal Coulibaly,WAS,Rebounds,4.5
Bilal Coulibaly,WAS,Pts+Rebs,16.0
Bilal Coulibaly,WAS,FG Made,4.0
Bilal Coulibaly,WAS,Pts+Asts,15.0
Bilal Coulibaly,WAS,Dunks,0.5
Austin Reaves,LAL,Assists,7.0
Austin Reaves,LAL,Rebs+Asts,11.5
Austin Reaves,LAL,Pts+Asts,25.5
Austin Reaves,LAL,Pts+Rebs+Asts,30.0
Austin Reaves,LAL,Points,18.5
Carlton Carrington,WAS,FG Attempted,8.0
Carlton Carrington,WAS,Rebounds,4.0
Carlton Carrington,WAS,Assists,3.5
Carlton Carrington,WAS,Points,8.5
Carlton Carrington,WAS,Pts+Rebs,12.5
Carlton Carrington,WAS,Pts+Asts,12.0
Carlton Carrington,WAS,3-PT Attempted,4.5
Carlton Carrington,WAS,Pts+Rebs+Asts,16.5
Carlton Carrington,WAS,FG Made,3.0
Carlton Carrington,WAS,Rebs+Asts,7.5
LeBron James,LAL,Rebs+Asts,16.5
LeBron James,LAL,Pts+Asts,32.5
LeBron James,LAL,Pts+Rebs,30.5
LeBron James,LAL,Pts+Rebs+Asts,40.5
LeBron James,LAL,Points,23.5
LeBron James,LAL,Turnovers,3.5
LeBron James,LAL,Assists,9.0
LeBron James,LAL,Blks+Stls,1.5
Corey Kispert,WAS,Assists,1.5
Corey Kispert,WAS,Pts+Rebs,13.5
Corey Kispert,WAS,FG Made,4.0
Corey Kispert,WAS,3-PT Attempted,5.5
Corey Kispert,WAS,FG Attempted,9.5
Corey Kispert,WAS,Pts+Asts,12.5
Corey Kispert,WAS,Points,10.5
Corey Kispert,WAS,Rebs+Asts,4.5
Corey Kispert,WAS,Pts+Rebs+Asts,15.5
Max Christie,LAL,Pts+Rebs+Asts,15.5
Max Christie,LAL,Points,10.5
Max Christie,LAL,Pts+Rebs,13.5
Max Christie,LAL,Blks+Stls,1.5
Max Christie,LAL,Pts+Asts,12.5
Jonas Valanciunas,WAS,Defensive Rebounds,6.0
Jonas Valanciunas,WAS,Free Throws Made,1.5
Jonas Valanciunas,WAS,Pts+Asts,12.5
Jonas Valanciunas,WAS,FG Attempted,7.5
Jonas Valanciunas,WAS,Blocked Shots,0.5
Jonas Valanciunas,WAS,Points,10.5
Jonas Valanciunas,WAS,Pts+Rebs,18.5
Jonas Valanciunas,WAS,Rebounds,8.0
Jonas Valanciunas,WAS,Pts+Rebs+Asts,20.5
Jonas Valanciunas,WAS,FG Made,4.0
Rui Hachimura,LAL,Rebs+Asts,6.5
Rui Hachimura,LAL,Points,11.5
Rui Hachimura,LAL,Pts+Rebs+Asts,19.0
Rui Hachimura,LAL,Pts+Asts,13.5
Rui Hachimura,LAL,Pts+Rebs,17.0
Jordan Poole,WAS,3-PT Attempted,9.0
Jordan Poole,WAS,FG Attempted,17.0
Jordan Poole,WAS,Points,20.5
Jordan Poole,WAS,Pts+Rebs,23.5
Jordan Poole,WAS,Free Throws Made,3.5
Jordan Poole,WAS,Pts+Rebs+Asts,28.0
Jordan Poole,WAS,Pts+Asts,24.5
Jordan Poole,WAS,Blks+Stls,1.5
Jordan Poole,WAS,FG Made,7.0
Gabe Vincent,LAL,Points,5.5
Kyle Kuzma,WAS,Defensive Rebounds,5.0
Kyle Kuzma,WAS,FG Made,6.5
Kyle Kuzma,WAS,3-PT Attempted,5.5
Kyle Kuzma,WAS,Turnovers,2.5
Kyle Kuzma,WAS,Points,16.5
Kyle Kuzma,WAS,Pts+Rebs,22.0
Kyle Kuzma,WAS,FG Attempted,15.0
Kyle Kuzma,WAS,Pts+Asts,19.5
Kyle Kuzma,WAS,Pts+Rebs+Asts,25.5
Kyle Kuzma,WAS,Rebs+Asts,9.0
Kyle Kuzma,WAS,Rebounds,5.5
Kyshawn George,WAS,Pts+Rebs+Asts,13.0
Kyshawn George,WAS,Rebs+Asts,5.5
Kyshawn George,WAS,FG Attempted,7.0
Kyshawn George,WAS,Pts+Rebs,10.5
Kyshawn George,WAS,FG Made,2.5
Kyshawn George,WAS,3-PT Attempted,4.5
Kyshawn George,WAS,Rebounds,3.5
Kyshawn George,WAS,Pts+Asts,9.5
Kyshawn George,WAS,Points,7.5
Austin Reaves,LAL,Blocked Shots,0.5
Austin Reaves,LAL,Assists,9.5
Anthony Davis,LAL,Rebs+Asts,19.5
Anthony Davis,LAL,Steals,2.5
Anthony Davis,LAL,Rebounds,17.5
Anthony Davis,LAL,Rebounds,11.5
Anthony Davis,LAL,Pts+Rebs+Asts,54.5
Anthony Davis,LAL,Pts+Rebs,44.5
Anthony Davis,LAL,Pts+Rebs,49.5
Anthony Davis,LAL,Pts+Rebs,34.5
Anthony Davis,LAL,Pts+Asts,34.5
Anthony Davis,LAL,Blocked Shots,3.5
Anthony Davis,LAL,Assists,4.5
Anthony Davis,LAL,Blocked Shots,2.5
Anthony Davis,LAL,Blocked Shots,1.5
Anthony Davis,LAL,3-PT Made,1.5
Max Christie,LAL,Pts+Rebs+Asts,24.5
Max Christie,LAL,Pts+Rebs,19.5
Max Christie,LAL,Rebs+Asts,7.5
Rui Hachimura,LAL,Blocked Shots,0.5
Austin Reaves,LAL,Pts+Rebs+Asts,34.5
Rui Hachimura,LAL,3-PT Made,0.5
Rui Hachimura,LAL,Points,19.5
LeBron James,LAL,Pts+Rebs,29.5
LeBron James,LAL,Pts+Asts,29.5
LeBron James,LAL,3-PT Made,3.5
Max Christie,LAL,Rebounds,2.5
Jordan Poole,WAS,3-PT Made,5.5
Max Christie,LAL,Pts+Asts,19.5
Max Christie,LAL,Points,9.5
Max Christie,LAL,Pts+Asts,9.5
Max Christie,LAL,Points,14.5
Austin Reaves,LAL,Points,24.5
Kyshawn George,WAS,Pts+Rebs,9.5
Austin Reaves,LAL,Steals,1.5
Max Christie,LAL,Steals,1.5
Max Christie,LAL,Turnovers,0.5
Rui Hachimura,LAL,Turnovers,0.5
Rui Hachimura,LAL,Rebs+Asts,9.5
Rui Hachimura,LAL,Steals,1.5
Jordan Poole,WAS,Pts+Asts,19.5
Carlton Carrington,WAS,Blocked Shots,0.5
Kyle Kuzma,WAS,3-PT Made,0.5
Kyle Kuzma,WAS,Blocked Shots,0.5
Bilal Coulibaly,WAS,Points,17.5
Carlton Carrington,WAS,Pts+Rebs,9.5
Bilal Coulibaly,WAS,Steals,2.5
Bilal Coulibaly,WAS,Blocked Shots,1.5
Carlton Carrington,WAS,Pts+Rebs,19.5
Bilal Coulibaly,WAS,Assists,2.5
Rui Hachimura,LAL,Pts+Rebs+Asts,24.5
Anthony Davis,LAL,Assists,2.5
Max Christie,LAL,Points,7.5
LeBron James,LAL,Pts+Rebs+Asts,49.5
Bilal Coulibaly,WAS,3-PT Made,1.5
Carlton Carrington,WAS,Rebs+Asts,9.5
Bilal Coulibaly,WAS,Pts+Rebs+Asts,24.5
Anthony Davis,LAL,Points,29.5
Austin Reaves,LAL,Points,14.5
Anthony Davis,LAL,3-PT Made,0.5
Rui Hachimura,LAL,Pts+Rebs,14.5
Anthony Davis,LAL,Pts+Rebs+Asts,49.5
Anthony Davis,LAL,Pts+Rebs+Asts,39.5
Jordan Poole,WAS,Steals,1.5
Jordan Poole,WAS,Steals,2.5
Jordan Poole,WAS,Rebounds,4.5
Jordan Poole,WAS,Rebs+Asts,9.5
Jordan Poole,WAS,Steals,0.5
Kyle Kuzma,WAS,Assists,4.5
Kyle Kuzma,WAS,Pts+Asts,24.5
Kyle Kuzma,WAS,Points,22.5
Kyle Kuzma,WAS,Points,19.5
Kyle Kuzma,WAS,Pts+Rebs,24.5
Kyle Kuzma,WAS,Pts+Rebs,29.5
Kyle Kuzma,WAS,Pts+Rebs,19.5
Kyle Kuzma,WAS,Rebounds,7.5
Kyle Kuzma,WAS,Rebs+Asts,11.5
Kyle Kuzma,WAS,Pts+Rebs+Asts,34.5
Kyle Kuzma,WAS,Rebs+Asts,7.5
Kyle Kuzma,WAS,Rebounds,4.5
Kyle Kuzma,WAS,Steals,1.5
Kyshawn George,WAS,Assists,2.5
Kyshawn George,WAS,Assists,3.5
Kyshawn George,WAS,Blocked Shots,0.5
Kyshawn George,WAS,3-PT Made,0.5
Kyshawn George,WAS,Pts+Rebs,14.5
Kyshawn George,WAS,Pts+Asts,14.5
Kyshawn George,WAS,Points,9.5
Kyshawn George,WAS,Pts+Rebs+Asts,19.5
Kyshawn George,WAS,Steals,1.5
Kyshawn George,WAS,Turnovers,0.5
Rui Hachimura,LAL,Pts+Rebs,24.5
Rui Hachimura,LAL,Rebounds,7.5
Rui Hachimura,LAL,Rebounds,4.5
Max Christie,LAL,Points,16.5
Rui Hachimura,LAL,Pts+Asts,19.5
Max Christie,LAL,Pts+Rebs+Asts,14.5
Austin Reaves,LAL,Points,13.5
Max Christie,LAL,Steals,0.5
Kyle Kuzma,WAS,Assists,3.5
Max Christie,LAL,3-PT Made,2.5
LeBron James,LAL,Points,19.5
Max Christie,LAL,Pts+Rebs+Asts,19.5
Kyshawn George,WAS,Rebs+Asts,7.5
Jordan Poole,WAS,Pts+Rebs+Asts,24.5
Jonas Valanciunas,WAS,Assists,2.5
LeBron James,LAL,3-PT Made,1.5
Jordan Poole,WAS,3-PT Made,4.5
Jonas Valanciunas,WAS,Rebs+Asts,7.5
Bilal Coulibaly,WAS,Points,14.5
Austin Reaves,LAL,3-PT Made,1.5
Austin Reaves,LAL,Rebs+Asts,9.5
Corey Kispert,WAS,Points,6.5
Corey Kispert,WAS,Points,14.5
Kyle Kuzma,WAS,Points,11.5
Rui Hachimura,LAL,Assists,2.5
Bilal Coulibaly,WAS,Rebounds,3.5
Carlton Carrington,WAS,Pts+Asts,9.5
Carlton Carrington,WAS,Rebounds,2.5
Austin Reaves,LAL,Pts+Asts,24.5
Max Christie,LAL,Steals,2.5
Max Christie,LAL,Rebounds,4.5
Rui Hachimura,LAL,3-PT Made,2.5
Jordan Poole,WAS,Pts+Rebs+Asts,34.5
Jordan Poole,WAS,Pts+Rebs,19.5
Jordan Poole,WAS,Pts+Asts,34.5
Jordan Poole,WAS,Pts+Asts,29.5
Jordan Poole,WAS,Points,27.5
Jordan Poole,WAS,Blocked Shots,0.5
Kyshawn George,WAS,Rebounds,2.5
Jordan Poole,WAS,Points,29.5
Jordan Poole,WAS,Points,14.5
Jordan Poole,WAS,Assists,3.5
Jonas Valanciunas,WAS,Rebs+Asts,11.5
Jordan Poole,WAS,3-PT Made,2.5
Jonas Valanciunas,WAS,Rebounds,11.5
Jonas Valanciunas,WAS,Pts+Rebs+Asts,29.5
Jonas Valanciunas,WAS,Pts+Rebs,14.5
Jonas Valanciunas,WAS,Pts+Asts,14.5
Jonas Valanciunas,WAS,Points,15.5
Jonas Valanciunas,WAS,Pts+Rebs,24.5
Jonas Valanciunas,WAS,Pts+Asts,9.5
Jonas Valanciunas,WAS,Blocked Shots,1.5
Jonas Valanciunas,WAS,Points,14.5
Jonas Valanciunas,WAS,Assists,3.5
Corey Kispert,WAS,Steals,1.5
Corey Kispert,WAS,Rebounds,4.5
Kyle Kuzma,WAS,3-PT Made,2.5
Kyle Kuzma,WAS,Steals,0.5
Austin Reaves,LAL,Steals,0.5
Rui Hachimura,LAL,Steals,0.5
Austin Reaves,LAL,3-PT Made,3.5
Kyle Kuzma,WAS,Pts+Rebs+Asts,29.5
Corey Kispert,WAS,Pts+Rebs+Asts,19.5
Rui Hachimura,LAL,Points,9.5
Kyshawn George,WAS,Rebounds,4.5
LeBron James,LAL,3-PT Made,2.5
LeBron James,LAL,Assists,11.5
LeBron James,LAL,Assists,7.5
LeBron James,LAL,Points,29.5
LeBron James,LAL,Points,18.5
LeBron James,LAL,Pts+Rebs,39.5
LeBron James,LAL,Pts+Asts,39.5
LeBron James,LAL,Rebounds,9.5
LeBron James,LAL,Steals,0.5
LeBron James,LAL,Rebs+Asts,19.5
LeBron James,LAL,Steals,1.5
Jonas Valanciunas,WAS,Pts+Rebs+Asts,24.5
Jonas Valanciunas,WAS,Points,6.5
Kyshawn George,WAS,3-PT Made,2.5
Jordan Poole,WAS,Points,24.5
Jordan Poole,WAS,Rebounds,3.5
Jonas Valanciunas,WAS,Rebounds,9.5
Jordan Poole,WAS,Pts+Rebs,29.5
Corey Kispert,WAS,Rebounds,3.5
Max Christie,LAL,Blocked Shots,0.5
Corey Kispert,WAS,Rebs+Asts,7.5
Corey Kispert,WAS,Pts+Rebs,19.5
Corey Kispert,WAS,Points,15.5
Corey Kispert,WAS,Pts+Asts,19.5
Corey Kispert,WAS,Pts+Asts,9.5
Corey Kispert,WAS,Pts+Asts,14.5
Corey Kispert,WAS,Assists,2.5
Corey Kispert,WAS,Blocked Shots,0.5
Corey Kispert,WAS,3-PT Made,3.5
Carlton Carrington,WAS,Turnovers,0.5
Corey Kispert,WAS,3-PT Made,2.5
Carlton Carrington,WAS,Steals,1.5
Carlton Carrington,WAS,Pts+Rebs+Asts,19.5
Carlton Carrington,WAS,Rebounds,4.5
Carlton Carrington,WAS,Rebs+Asts,11.5
Carlton Carrington,WAS,Pts+Rebs+Asts,14.5
Carlton Carrington,WAS,Pts+Asts,14.5
Carlton Carrington,WAS,Pts+Asts,19.5
Carlton Carrington,WAS,Points,14.5
Max Christie,LAL,Assists,2.5
Bilal Coulibaly,WAS,Steals,1.5
Carlton Carrington,WAS,Assists,2.5
Carlton Carrington,WAS,3-PT Made,0.5
Bilal Coulibaly,WAS,Steals,0.5
Bilal Coulibaly,WAS,Rebs+Asts,11.5
Carlton Carrington,WAS,Points,13.5
Carlton Carrington,WAS,Assists,4.5
Carlton Carrington,WAS,3-PT Made,2.5
Bilal Coulibaly,WAS,Rebs+Asts,9.5
Bilal Coulibaly,WAS,Pts+Rebs,14.5
Bilal Coulibaly,WAS,Pts+Rebs,24.5
Bilal Coulibaly,WAS,Rebs+Asts,7.5
Bilal Coulibaly,WAS,Pts+Rebs,19.5
Bilal Coulibaly,WAS,Pts+Asts,19.5
Bilal Coulibaly,WAS,3-PT Made,2.5
Bilal Coulibaly,WAS,Assists,4.5
Bilal Coulibaly,WAS,3-PT Made,0.5
Austin Reaves,LAL,Steals,2.5
Austin Reaves,LAL,Rebounds,3.5
Austin Reaves,LAL,Pts+Rebs,19.5
Austin Reaves,LAL,Pts+Rebs+Asts,39.5
Austin Reaves,LAL,Pts+Rebs,29.5
Austin Reaves,LAL,Pts+Asts,34.5
Austin Reaves,LAL,Pts+Asts,29.5
Kyshawn George,WAS,Points,4.5
Bilal Coulibaly,WAS,Points,9.5
Austin Reaves,LAL,Pts+Rebs,22.5
